time,inclusion,skipping,fullir,firstir,secondir
100000000,0.396025626993875,0.273699496945596,0.290366974336524,0.0224864507707961,0.017421450953209
