time,inclusion,skipping,fullir,firstir,secondir
100000000,0.115317205723738,0.59420397311074,0.272477270927293,0.0118975403862841,0.00610400985194472
