time,inclusion,skipping,fullir,firstir,secondir
100000000,0.517678097314335,0.0637662961741869,0.329956270268466,0.0541791451152513,0.0344201911277614
