time,inclusion,skipping,fullir,firstir,secondir
100000000,0.0529988814070004,0.823099533730353,0.117686789280262,0.000169692064615971,0.00604510351776837
