time,inclusion,skipping,fullir,firstir,secondir
100000000,0.00538636404019324,0.890236197359112,0.102815493604942,0.000283224877146245,0.00127872011860658
