time,inclusion,skipping,fullir,firstir,secondir
100000000,0.122206879970412,0.711405231114119,0.154614394140622,0.00542886780433085,0.00634462697051584
