time,inclusion,skipping,fullir,firstir,secondir
100000000,0.359691770139599,0.386203623534753,0.203292059101861,0.0404428371673025,0.0103697100564843
