time,inclusion,skipping,fullir,firstir,secondir
100000000,0.490909384845135,0.136214739386199,0.348229062889638,0.0140011841948384,0.0106456286841898
