time,inclusion,skipping,fullir,firstir,secondir
100000000,0.333086949099307,0.438807085132235,0.191000057503267,0.0238883053685796,0.0132176028966114
