time,inclusion,skipping,fullir,firstir,secondir
100000000,0.719538438237559,0.0366817701825464,0.173766160551636,0.0450665354049131,0.0249470956233461
