time,inclusion,skipping,fullir,firstir,secondir
100000000,0.401477302517561,0.153088823875226,0.374703606424059,0.0600717932284116,0.0106584739547426
