time,inclusion,skipping,fullir,firstir,secondir
100000000,0.419192220452728,0.294493054294793,0.223500994203281,0.0378176081303968,0.0249961229188008
