time,inclusion,skipping,fullir,firstir,secondir
100000000,0.686651940675292,0.163142947301988,0.0969811717681708,0.0241927001157042,0.0290312401388451
