time,inclusion,skipping,fullir,firstir,secondir
100000000,0.410646339868295,0.181462521639347,0.3319492943361,0.0576776133715017,0.018264230784757
