time,inclusion,skipping,fullir,firstir,secondir
100000000,0.370148100137985,0.298781240867745,0.296752521739619,0.0287049202781248,0.00561321697652655
