time,inclusion,skipping,fullir,firstir,secondir
100000000,0.584449323036369,0.078890006995713,0.244096903667972,0.0784759993764911,0.0140877669234549
