time,inclusion,skipping,fullir,firstir,secondir
100000000,0.690618852279895,0.222837831161102,0.0522638639020698,0.0265464754384699,0.00773297721846356
