time,inclusion,skipping,fullir,firstir,secondir
100000000,0.0474028593028153,0.801940142600318,0.14259630984098,0.00580170098676339,0.00225898726912276
