time,inclusion,skipping,fullir,firstir,secondir
100000000,0.433330134968076,0.243339231860026,0.264611250468939,0.0416831272657542,0.0170362554372046
