time,inclusion,skipping,fullir,firstir,secondir
100000000,0.0810608547126903,0.69063292831908,0.20096891450805,0.00749063974224909,0.0198466627179306
