time,inclusion,skipping,fullir,firstir,secondir
100000000,0.374732121123399,0.144515992030827,0.416848275805219,0.0569613674632061,0.00694224357734972
