time,inclusion,skipping,fullir,firstir,secondir
100000000,0.617704745628556,0.0623081768106471,0.251109961241297,0.0261735215306363,0.042703594788863
