time,inclusion,skipping,fullir,firstir,secondir
100000000,0.41360303481519,0.322731924911219,0.13617952940751,0.110331581262395,0.0171539296036866
