time,inclusion,skipping,fullir,firstir,secondir
100000000,0.137804027066974,0.491478412333168,0.333383681788504,0.0321788705269526,0.00515500828440048
