time,inclusion,skipping,fullir,firstir,secondir
100000000,0.478957151121998,0.25584079075321,0.215028085853674,0.0329285605846125,0.0172454116865052
