time,inclusion,skipping,fullir,firstir,secondir
100000000,0.323286599968808,0.418598013880635,0.227187467804393,0.0201768468990413,0.0107510714471221
