time,inclusion,skipping,fullir,firstir,secondir
100000000,0.109902069410417,0.620839873625547,0.246875239139822,0.0163086766451667,0.00607414117904822
