time,inclusion,skipping,fullir,firstir,secondir
100000000,0.539779065782267,0.0556779223561216,0.329332125375919,0.0219156164040525,0.0532952700816403
