time,inclusion,skipping,fullir,firstir,secondir
100000000,0.158479502326146,0.52566760622829,0.286712188648322,0.0270320767342234,0.00210862606301818
