time,inclusion,skipping,fullir,firstir,secondir
100000000,0.716113593758114,0.0622265746492423,0.149192926679849,0.0459559619877545,0.0265109429250402
