time,inclusion,skipping,fullir,firstir,secondir
100000000,0.421260420149144,0.252955635521353,0.26363721568706,0.0367616531680626,0.0253850754743805
