time,inclusion,skipping,fullir,firstir,secondir
100000000,0.267240099848755,0.530419893946999,0.177751869928699,0.0134529472459446,0.0111351890296022
