time,inclusion,skipping,fullir,firstir,secondir
100000000,0.032621401428066,0.791527320298552,0.170511398398162,0.00272012727030647,0.00261975260491297
