time,inclusion,skipping,fullir,firstir,secondir
100000000,0.682258533890199,0.0929128150137981,0.162950659699081,0.0378061855243046,0.0240718058726174
