time,inclusion,skipping,fullir,firstir,secondir
100000000,0.515303506450546,0.108975975851803,0.315929953688389,0.0287400760833609,0.0310504879259014
