time,inclusion,skipping,fullir,firstir,secondir
100000000,0.0818050065295607,0.735586331620146,0.171744081278962,0.00305850505709014,0.00780607551424056
