time,inclusion,skipping,fullir,firstir,secondir
100000000,0.419142339675506,0.304116648541881,0.222779597797362,0.0366207879046043,0.0173406260806466
