time,inclusion,skipping,fullir,firstir,secondir
100000000,0.225251598272379,0.714482332684955,0.0503255805291077,0.00584644294977128,0.00409404556378681
