time,inclusion,skipping,fullir,firstir,secondir
100000000,0.42384694734022,0.347248265059168,0.186319149966209,0.0315886570023216,0.0109969806320811
