time,inclusion,skipping,fullir,firstir,secondir
100000000,0.477454105202993,0.0312409802569527,0.379494264874545,0.0102393408736439,0.101571308791865
