time,inclusion,skipping,fullir,firstir,secondir
100000000,0.815259839189495,0.046319737032004,0.0903762960847501,0.022553324749416,0.0254908029443353
