time,inclusion,skipping,fullir,firstir,secondir
100000000,0.42277546987923,0.0913291317825601,0.439905504130013,0.0436178935123318,0.00237200069586578
