time,inclusion,skipping,fullir,firstir,secondir
100000000,0.762789880639581,0.0291829098992208,0.123782449388776,0.046116090222692,0.0381286698497309
