time,inclusion,skipping,fullir,firstir,secondir
100000000,0.218238131111779,0.454659280579459,0.320014417329295,0.0019980993433619,0.00509007163610493
