time,inclusion,skipping,fullir,firstir,secondir
100000000,0.345056115379706,0.440983065265838,0.150390154826467,0.0118471536968724,0.051723510831116
