time,inclusion,skipping,fullir,firstir,secondir
100000000,0.718076872928684,0.066486511470263,0.15118335063099,0.0301957542767904,0.0340575106932723
