time,inclusion,skipping,fullir,firstir,secondir
100000000,0.463241536074364,0.308817325562232,0.197193945506239,0.0221679548825576,0.00857923797460744
