time,inclusion,skipping,fullir,firstir,secondir
100000000,0.708553536329628,0.0551858101221168,0.144729452215217,0.0600654803391226,0.031465720993916
