time,inclusion,skipping,fullir,firstir,secondir
100000000,0.469988790380108,0.424233160093753,0.0829511872006522,0.0114134311627433,0.0114134311627433
