time,inclusion,skipping,fullir,firstir,secondir
100000000,0.343350691131299,0.409685308911897,0.201148942335145,0.0328717270427931,0.0129433305788662
