time,inclusion,skipping,fullir,firstir,secondir
100000000,0.648270157128856,0.143025040982133,0.154846630366136,0.0292482031840224,0.024609968338853
