time,inclusion,skipping,fullir,firstir,secondir
100000000,0.413251996127461,0.286761536940069,0.246563121349976,0.0412227647015959,0.0122005808808986
