time,inclusion,skipping,fullir,firstir,secondir
100000000,0.272814745645731,0.527231943485851,0.168068693922293,0.0188309447444278,0.013053672201697
