time,inclusion,skipping,fullir,firstir,secondir
100000000,0.717014336392736,0.0873308100460931,0.124548085080863,0.0427226661516729,0.0283841023286352
