time,inclusion,skipping,fullir,firstir,secondir
100000000,0.68157310064139,0.198723458208167,0.0907017189655257,0.0193505883481331,0.0096511338367836
