time,inclusion,skipping,fullir,firstir,secondir
100000000,0.676860874974083,0.0700808625336927,0.158511300020734,0.0457184325108853,0.0488285299606054
