time,inclusion,skipping,fullir,firstir,secondir
100000000,0.783312549263232,0.0202659933423243,0.107032360997157,0.0509200828665635,0.0384690135307234
