time,inclusion,skipping,fullir,firstir,secondir
100000000,0.676597493322375,0.141771111567701,0.130316416683789,0.0140230121224574,0.0372919663036778
