time,inclusion,skipping,fullir,firstir,secondir
100000000,0.397927437782021,0.168095030599902,0.36881842614053,0.0158427140379329,0.0493163914396139
