time,inclusion,skipping,fullir,firstir,secondir
100000000,0.791507513829913,0.0234432949958739,0.1235127218001,0.0306266791372358,0.0309097902368765
