time,inclusion,skipping,fullir,firstir,secondir
100000000,0.281450916295179,0.46287230682644,0.233378770785655,0.0134714361306784,0.00882656996204729
