time,inclusion,skipping,fullir,firstir,secondir
100000000,0.71454572445491,0.0226796986808283,0.154391387383535,0.0634436176061931,0.0449395718745326
