time,inclusion,skipping,fullir,firstir,secondir
100000000,0.318588641428306,0.281978725778307,0.321656591470584,0.0459668990764576,0.0318091422463447
