time,inclusion,skipping,fullir,firstir,secondir
100000000,0.48638528146046,0.138979660565364,0.315647412171399,0.0245458262879758,0.0344418195148017
