time,inclusion,skipping,fullir,firstir,secondir
100000000,0.78238431223664,0.041249877372223,0.149106419595804,0.011740916058281,0.0155184747370519
