time,inclusion,skipping,fullir,firstir,secondir
100000000,0.707519895660204,0.138067770329936,0.129897653168456,0.0178969673448846,0.00661771349651949
