time,inclusion,skipping,fullir,firstir,secondir
100000000,0.689707544405302,0.126720743513945,0.131549140101909,0.0350666253544637,0.0169559466243805
