time,inclusion,skipping,fullir,firstir,secondir
100000000,0.704311045643529,0.0887050515364841,0.167154407200177,0.0257971683621247,0.0140323272576858
