time,inclusion,skipping,fullir,firstir,secondir
100000000,0.727562537742247,0.042731362468297,0.153250699948079,0.0490079598171583,0.0274474400242187
