time,inclusion,skipping,fullir,firstir,secondir
100000000,0.0051800775594099,0.876051760274597,0.117670585138159,0.00027945688162571,0.0008181201462086
