time,inclusion,skipping,fullir,firstir,secondir
100000000,0.369036772041793,0.284001298151732,0.281717398258581,0.0443335845625385,0.0209109469853561
