time,inclusion,skipping,fullir,firstir,secondir
100000000,0.788683623908817,0.0269877234231229,0.116125108813264,0.0385117599681086,0.0296917838866878
