time,inclusion,skipping,fullir,firstir,secondir
100000000,0.465064900374314,0.0518414589421921,0.373827746993271,0.00442322585568915,0.104842667834533
