time,inclusion,skipping,fullir,firstir,secondir
100000000,0.642039260746977,0.239958832384575,0.0908627011803004,0.0174648303484267,0.00967437533972097
