time,inclusion,skipping,fullir,firstir,secondir
100000000,0.0808998363213391,0.776576443376915,0.133542094671822,0.00467145095657523,0.00431017467334849
