time,inclusion,skipping,fullir,firstir,secondir
100000000,0.758594314875512,0.0019619378233549,0.0476668808290969,0.141979626715291,0.0497972397567445
