time,inclusion,skipping,fullir,firstir,secondir
100000000,0.676397201481001,0.0750178844620294,0.172293664691543,0.0534859474508254,0.0228053019146013
