time,inclusion,skipping,fullir,firstir,secondir
100000000,0.348094248062179,0.373782698993099,0.225467435535624,0.0409328702204137,0.0117227471886842
