time,inclusion,skipping,fullir,firstir,secondir
100000000,0.663618552386024,0.143772048071738,0.128329897541904,0.0445205276448318,0.0197589743555022
