time,inclusion,skipping,fullir,firstir,secondir
100000000,0.374396687107674,0.0470827231629767,0.434008467513896,0.110576481308312,0.0339356409071413
