time,inclusion,skipping,fullir,firstir,secondir
100000000,0.70702656068716,0.0366410946183099,0.178245623038373,0.0557251038872486,0.0223616177689089
