time,inclusion,skipping,fullir,firstir,secondir
100000000,0.406257364948995,0.316353367385034,0.233256929048297,0.0309520780366532,0.0131802605810202
