time,inclusion,skipping,fullir,firstir,secondir
100000000,0.707934987276888,0.0703400968348706,0.159327538234788,0.0343828796138531,0.028014498039601
