time,inclusion,skipping,fullir,firstir,secondir
100000000,0.0503627332855069,0.843094903096541,0.100575854800683,0.002695427200885,0.00327108161638429
