time,inclusion,skipping,fullir,firstir,secondir
100000000,0.386510237655096,0.335751587727084,0.235382655681061,0.027600425972335,0.0147550929644236
