time,inclusion,skipping,fullir,firstir,secondir
100000000,0.953746527317274,0.0032191008235208,0.0370726389634134,0.00218348463582749,0.00377824825996437
