time,inclusion,skipping,fullir,firstir,secondir
100000000,0.752756062924233,0.0180875173514833,0.135122207859259,0.0453368066791006,0.0486974051859235
