time,inclusion,skipping,fullir,firstir,secondir
100000000,0.407254955601318,0.309726788792974,0.247285557837146,0.0230107027493519,0.0127219950192107
