time,inclusion,skipping,fullir,firstir,secondir
100000000,0.1375373658462,0.0213874824498942,0.66924235203097,0.00335119288168205,0.168481606791253
