time,inclusion,skipping,fullir,firstir,secondir
100000000,0.822521423002197,0.00580411846087127,0.0857924648817267,0.0440079707596348,0.0418740228955706
