time,inclusion,skipping,fullir,firstir,secondir
100000000,0.473813349502299,0.0373048355313021,0.394648072356121,0.0107412460209186,0.0834924965893588
