time,inclusion,skipping,fullir,firstir,secondir
100000000,0.620458251753122,0.228224433712372,0.0992568516384568,0.0418865030324924,0.0101739598635569
