time,inclusion,skipping,fullir,firstir,secondir
100000000,0.706665485112172,0.0829718771544941,0.16192193926778,0.0145324034178894,0.0339082950476644
