time,inclusion,skipping,fullir,firstir,secondir
100000000,0.459861253165393,0.291391462425631,0.200991336256152,0.0311394871753951,0.0166164609774287
