time,inclusion,skipping,fullir,firstir,secondir
100000000,0.721569260871832,0.0468854305847619,0.163671177364794,0.0483289085078303,0.0195452226707817
