time,inclusion,skipping,fullir,firstir,secondir
100000000,0.653833868347746,0.207624116652845,0.0785929920793274,0.0504842094783613,0.00946481344172003
