time,inclusion,skipping,fullir,firstir,secondir
100000000,0.535646532079697,0.227385257824149,0.180078502862908,0.0307007705136182,0.0261889367196278
