time,inclusion,skipping,fullir,firstir,secondir
100000000,0.00606665421292851,0.892917024733737,0.0996392682897734,0.00040554913716336,0.000971503626397713
