time,inclusion,skipping,fullir,firstir,secondir
100000000,0.672460903844538,0.110025025087541,0.158063623211769,0.0522158684063411,0.00723457944981143
