time,inclusion,skipping,fullir,firstir,secondir
100000000,0.411525195532641,0.145413575675479,0.327859233265993,0.0911683410878788,0.0240336544380079
