time,inclusion,skipping,fullir,firstir,secondir
100000000,0.414999110118129,0.10909036400279,0.164584071354232,0.127540768663222,0.183785685861627
