time,inclusion,skipping,fullir,firstir,secondir
100000000,0.503485172932212,0.102752328565263,0.326372796297012,0.0261362179166301,0.0412534842888833
