time,inclusion,skipping,fullir,firstir,secondir
100000000,0.510744882181826,0.247373592785718,0.197212365759417,0.0289358196552498,0.015733339617789
