time,inclusion,skipping,fullir,firstir,secondir
100000000,0.70118444916252,0.0180958781198694,0.166369994963334,0.0495846462539779,0.0647650315002994
