time,inclusion,skipping,fullir,firstir,secondir
100000000,0.783003601129353,0.0163316684692567,0.117297978263599,0.0552949563935236,0.0280717957442672
