time,inclusion,skipping,fullir,firstir,secondir
100000000,0.286147255091615,0.471605850272687,0.207117041223103,0.0275207483526318,0.00760910505996299
