time,inclusion,skipping,fullir,firstir,secondir
100000000,0.573099675900408,0.28670917706325,0.10461394262037,0.0190515964374373,0.0165256079785352
