time,inclusion,skipping,fullir,firstir,secondir
100000000,0.476149927917393,0.0711199355106184,0.375358068736942,0.0544166289974693,0.0229554388375776
