time,inclusion,skipping,fullir,firstir,secondir
100000000,0.103747309590025,0.668040573453611,0.21857541587843,0.000317052480128,0.00931964859780574
