time,inclusion,skipping,fullir,firstir,secondir
100000000,0.448731267267122,0.324780645623468,0.152268341570005,0.0634190783086959,0.0108006672307091
