time,inclusion,skipping,fullir,firstir,secondir
100000000,0.39670009427848,0.303306424087846,0.253139786236646,0.0309206961492951,0.0159329992477332
