time,inclusion,skipping,fullir,firstir,secondir
100000000,0.37955569191892,0.267750612324746,0.305393686218732,0.0334035287276712,0.0138964808099308
