time,inclusion,skipping,fullir,firstir,secondir
100000000,0.260481217126598,0.533350507479624,0.188961306237301,0.00899125718809633,0.00821571196838029
