time,inclusion,skipping,fullir,firstir,secondir
100000000,0.766209272927456,0.0469304326550585,0.132369612200791,0.0255698731802797,0.0289208090364148
