time,inclusion,skipping,fullir,firstir,secondir
100000000,0.368441184215436,0.409237664645318,0.180798939609772,0.014775575987517,0.0267466355419575
