time,inclusion,skipping,fullir,firstir,secondir
100000000,0.260673940933852,0.500134603577805,0.206302217222256,0.0139856276718998,0.0189036105941862
