time,inclusion,skipping,fullir,firstir,secondir
100000000,0.674241689473637,0.101467214702192,0.159555679697639,0.053322438618802,0.0114129775077294
