time,inclusion,skipping,fullir,firstir,secondir
100000000,0.727661171042391,0.0792426229745415,0.182189712216162,0.00642482612349186,0.00448166764341388
