time,inclusion,skipping,fullir,firstir,secondir
100000000,0.471074789059166,0.297859929671992,0.179168815835048,0.0308454533552994,0.0210510120784949
