time,inclusion,skipping,fullir,firstir,secondir
100000000,0.454839368018341,0.142663293089536,0.346026103642905,0.0140761526293359,0.0423950826198824
