time,inclusion,skipping,fullir,firstir,secondir
100000000,0.439201218703705,0.333007420074089,0.165155807782021,0.0538969510499413,0.00873860239024363
