time,inclusion,skipping,fullir,firstir,secondir
100000000,0.666078408785582,0.147564604785887,0.106132677876065,0.0277922314838523,0.0524320770686131
