time,inclusion,skipping,fullir,firstir,secondir
100000000,0.405255335994579,0.34332583552832,0.196327434519536,0.0385585717817384,0.0165328221758255
