time,inclusion,skipping,fullir,firstir,secondir
100000000,0.199739907160682,0.0837283444548949,0.116472324989464,0.59976309483669,0.000296328558269547
