time,inclusion,skipping,fullir,firstir,secondir
100000000,0.722185899195213,0.130875303256112,0.119865298550355,0.0211270141807251,0.00594648481759475
