time,inclusion,skipping,fullir,firstir,secondir
100000000,0.0251097885940547,0.851553122542907,0.117032586048427,0.00533452730922555,0.000969975505385116
