time,inclusion,skipping,fullir,firstir,secondir
100000000,0.734703638320733,0.168443971165528,0.0620694079639954,0.0311858764437998,0.00359710610594421
