time,inclusion,skipping,fullir,firstir,secondir
100000000,0.25603457210952,0.0143838757891811,0.592258631589266,0.00272285115680625,0.134600069355226
