time,inclusion,skipping,fullir,firstir,secondir
100000000,0.118680465567265,0.603874597163142,0.258175750411335,0.0120536680173398,0.00721551884091739
