time,inclusion,skipping,fullir,firstir,secondir
100000000,0.702031482422305,0.0479405234993832,0.164684824660953,0.0567627283673792,0.0285804410499793
