time,inclusion,skipping,fullir,firstir,secondir
100000000,0.26935609496664,0.494144530976448,0.199729567192408,0.0294418535017213,0.0073279533627831
