time,inclusion,skipping,fullir,firstir,secondir
100000000,0.778279464340268,0.0343915023439427,0.124308830735578,0.0223666681672046,0.0406535344130071
