time,inclusion,skipping,fullir,firstir,secondir
100000000,0.669367415612791,0.0622840054559661,0.176755263640904,0.0596422991184693,0.0319510161718697
