time,inclusion,skipping,fullir,firstir,secondir
100000000,0.654626052991969,0.113046966627731,0.179295994956787,0.0456774676164721,0.00735351780704113
