time,inclusion,skipping,fullir,firstir,secondir
100000000,0.406901642149483,0.351264394278754,0.170175732787925,0.0514776737588216,0.0201805570250163
