time,inclusion,skipping,fullir,firstir,secondir
100000000,0.843207535485861,0.0101518944927912,0.0883126435661677,0.0253156399001069,0.0330122865550731
