time,inclusion,skipping,fullir,firstir,secondir
100000000,0.0670187820253709,0.639068327015811,0.282175980073774,0.00649171728576292,0.00524519359928168
