time,inclusion,skipping,fullir,firstir,secondir
100000000,0.418610537056593,0.313980695136183,0.212909192253141,0.0422769048472348,0.0122226707068485
