time,inclusion,skipping,fullir,firstir,secondir
100000000,0.394022874691401,0.258811494346894,0.285943817363711,0.023690768273561,0.0375310453244325
