time,inclusion,skipping,fullir,firstir,secondir
100000000,0.384600759760431,0.285270224950553,0.280354453559292,0.0290860115110124,0.0206885502187114
