time,inclusion,skipping,fullir,firstir,secondir
100000000,0.768200290867674,0.0283466560601757,0.105232113678371,0.0453681641527276,0.0528527752410522
