time,inclusion,skipping,fullir,firstir,secondir
100000000,0.894790305652347,0.0229445316606997,0.0739642550509014,0.00365148960487486,0.00464941803117691
