time,inclusion,skipping,fullir,firstir,secondir
100000000,0.0929389076808844,0.69357932513819,0.172168137942414,0.0382012622720898,0.00311236696642191
