time,inclusion,skipping,fullir,firstir,secondir
100000000,0.345907428368656,0.363848887747095,0.250157656245558,0.03233143661785,0.00775459102084081
