time,inclusion,skipping,fullir,firstir,secondir
100000000,0.681228864736683,0.0866392118049381,0.168950152847644,0.0325557792637481,0.0306259913469868
