time,inclusion,skipping,fullir,firstir,secondir
100000000,0.463774405133446,0.287391731549083,0.200293624582951,0.0285454048796947,0.019994833854826
