time,inclusion,skipping,fullir,firstir,secondir
100000000,0.428561826537323,0.226441284829132,0.267342918070376,0.0350784641144806,0.0425755064486896
