time,inclusion,skipping,fullir,firstir,secondir
100000000,0.151232713841191,0.509375526145672,0.302192091757727,0.0308599376835664,0.0063397305718437
