time,inclusion,skipping,fullir,firstir,secondir
100000000,0.350444057808103,0.30373740045377,0.31747033759965,0.0220107202043203,0.00633748393415794
