time,inclusion,skipping,fullir,firstir,secondir
100000000,0.423015579056267,0.29755360106526,0.220485487982235,0.0460158697792965,0.0129294621169423
