time,inclusion,skipping,fullir,firstir,secondir
100000000,0.644131033659705,0.0843793616107,0.199230173854658,0.0474275774588721,0.0248318534160651
