time,inclusion,skipping,fullir,firstir,secondir
100000000,0.419021829225022,0.210581903886517,0.302309978294085,0.0468417806165702,0.0212445079778058
