time,inclusion,skipping,fullir,firstir,secondir
100000000,0.284327334664663,0.410107236204535,0.263222100214464,0.0216389000075236,0.0207044289088144
