time,inclusion,skipping,fullir,firstir,secondir
100000000,0.45051849801525,0.0736153097302882,0.233006347898116,0.233227506401151,0.00963233795519543
