time,inclusion,skipping,fullir,firstir,secondir
100000000,0.00858995526340266,0.845888581639033,0.14434216789255,0.000720442203245992,0.000458853001767583
