time,inclusion,skipping,fullir,firstir,secondir
100000000,0.440857900544544,0.186938127124588,0.273249077386836,0.0436222046709243,0.055332690273108
