time,inclusion,skipping,fullir,firstir,secondir
100000000,0.428191423236408,0.0632538817562933,0.400727821818371,0.0778500001925309,0.0299768729963968
