time,inclusion,skipping,fullir,firstir,secondir
100000000,0.673007710492104,0.175806230457011,0.0955960811441921,0.0406061174646409,0.0149838604420517
