time,inclusion,skipping,fullir,firstir,secondir
100000000,0.520307414477735,0.0959808878866835,0.318840671915418,0.0443014210419745,0.0205696046781888
