time,inclusion,skipping,fullir,firstir,secondir
100000000,0.781124349266806,0.0191676499742801,0.129833130246069,0.0353037025463186,0.0345711679665266
