time,inclusion,skipping,fullir,firstir,secondir
100000000,0.401863871081321,0.271667696780239,0.2713388832331,0.0417634233298478,0.0133661255754922
