time,inclusion,skipping,fullir,firstir,secondir
100000000,0.438827753894745,0.0491412552587932,0.417823914505705,0.0259931651355066,0.0682139112052506
