time,inclusion,skipping,fullir,firstir,secondir
100000000,0.785811641081529,0.0265230480114705,0.106725346453808,0.0496788468629261,0.0312611175902667
