time,inclusion,skipping,fullir,firstir,secondir
100000000,0.4277597444168,0.185829431605989,0.322683009023054,0.0492401234485704,0.014487691505587
