time,inclusion,skipping,fullir,firstir,secondir
100000000,0.606899471111858,0.253179165221029,0.100085253207116,0.0238101778570722,0.0160259326029252
