time,inclusion,skipping,fullir,firstir,secondir
100000000,0.646142674272357,0.0989899439986899,0.186283869466598,0.0480120246472393,0.0205714876151156
