time,inclusion,skipping,fullir,firstir,secondir
100000000,0.58005364147922,0.277464963634175,0.0955076235184079,0.0384231479614688,0.0085506234067288
