time,inclusion,skipping,fullir,firstir,secondir
100000000,0.645930703911382,0.170674605008784,0.140962242359274,0.0141992048835754,0.0282332438369846
