time,inclusion,skipping,fullir,firstir,secondir
100000000,0.349484629296602,0.384228838029909,0.216983891869296,0.0413201694936646,0.00798247131052872
