time,inclusion,skipping,fullir,firstir,secondir
100000000,0.730409776965,0.0807856971898561,0.111767729520348,0.0460953039678628,0.0309414923569334
