time,inclusion,skipping,fullir,firstir,secondir
100000000,0.543861247330308,0.0818468205092126,0.280998917164332,0.0485912994255351,0.0447017155706121
