time,inclusion,skipping,fullir,firstir,secondir
100000000,0.035513233409023,0.777221223812056,0.182928168373412,0.0024350070895375,0.00190236731597175
