time,inclusion,skipping,fullir,firstir,secondir
100000000,0.0154507921935016,0.00351564821595688,0.885029977377472,0.0939577278856742,0.0020458543273951
