time,inclusion,skipping,fullir,firstir,secondir
100000000,0.49869321716818,0.0912818184402683,0.370173618186108,0.0200894538223381,0.0197618923831057
