time,inclusion,skipping,fullir,firstir,secondir
100000000,0.662251024818018,0.0468473130056737,0.203248036252155,0.0537488113844728,0.0339048145396802
