time,inclusion,skipping,fullir,firstir,secondir
100000000,0.599574506763148,0.00986899600694665,0.143211025057155,0.0976611983038337,0.149684273868916
