time,inclusion,skipping,fullir,firstir,secondir
100000000,0.151167900453087,0.594164845553961,0.229720975620056,0.0190857629888383,0.00586051538405705
