time,inclusion,skipping,fullir,firstir,secondir
100000000,0.474150617209692,0.210060782424639,0.267954978900897,0.0319841453385449,0.0158494761262275
