time,inclusion,skipping,fullir,firstir,secondir
100000000,0.379146614329564,0.35560736118765,0.227482165786644,0.0278207409667581,0.0099431177293829
