time,inclusion,skipping,fullir,firstir,secondir
100000000,0.00459869113906165,0.892232623709121,0.101929956955452,0.000659946319645171,0.000578781876720034
