time,inclusion,skipping,fullir,firstir,secondir
100000000,0.373947375294681,0.302192478568449,0.275074145581158,0.0377571326838421,0.0110288678718696
