time,inclusion,skipping,fullir,firstir,secondir
100000000,0.635310354416918,0.0546465987167276,0.19707827426488,0.0723462019555696,0.0406185706459046
