time,inclusion,skipping,fullir,firstir,secondir
100000000,0.615724279357571,0.0814918259285787,0.229784703948063,0.0424543884274812,0.0305448023383057
