time,inclusion,skipping,fullir,firstir,secondir
100000000,0.681617666731033,0.0872850763678493,0.150093009489506,0.0559685256661156,0.0250357217454953
