time,inclusion,skipping,fullir,firstir,secondir
100000000,0.57061090829106,0.0737740061591707,0.290583363349556,0.0554334773524575,0.00959824484775647
