time,inclusion,skipping,fullir,firstir,secondir
100000000,0.686283336490304,0.120441230864321,0.129353976204093,0.0438854402853851,0.0200360161558966
