time,inclusion,skipping,fullir,firstir,secondir
100000000,0.650942194767546,0.139668070212343,0.151841458729652,0.0180325524709564,0.0395157238195022
