time,inclusion,skipping,fullir,firstir,secondir
100000000,0.502158929747069,0.339210574975401,0.126476156961121,0.0204805618899882,0.0116737764264212
