time,inclusion,skipping,fullir,firstir,secondir
100000000,0.678493971571342,0.189813514687972,0.0804841394609385,0.0275554654994014,0.0236529087803459
