time,inclusion,skipping,fullir,firstir,secondir
100000000,0.431423666493559,0.238303745567478,0.278092024286856,0.0377849274334851,0.014395636218621
