time,inclusion,skipping,fullir,firstir,secondir
100000000,0.689340582726881,0.0866066635422671,0.145897439770655,0.0390013035436907,0.0391540104165068
