time,inclusion,skipping,fullir,firstir,secondir
100000000,0.742069614948556,0.0636402898292906,0.170307266292028,0.0142600438479697,0.00972278508215626
