time,inclusion,skipping,fullir,firstir,secondir
100000000,0.328507391423711,0.395996098862427,0.230762155837856,0.0355299284984172,0.0092044253775891
