time,inclusion,skipping,fullir,firstir,secondir
100000000,0.768918274768123,0.0227234727577496,0.121041808166328,0.0493954154990874,0.0379210288087121
