time,inclusion,skipping,fullir,firstir,secondir
100000000,0.67425861853324,0.0437350592606577,0.180877940909856,0.0490621768825006,0.052066204413745
