time,inclusion,skipping,fullir,firstir,secondir
100000000,0.657908767516334,0.170804483269992,0.100739327133735,0.0565535821509301,0.0139938399290086
