time,inclusion,skipping,fullir,firstir,secondir
100000000,0.241503743949027,0.439813599308875,0.290711707859255,0.00886055868925545,0.019110390193587
