time,inclusion,skipping,fullir,firstir,secondir
100000000,0.545979109893899,0.0338558413871132,0.34063172141301,0.0407968395421637,0.0387364877638143
