time,inclusion,skipping,fullir,firstir,secondir
100000000,0.649051002718648,0.138688051256806,0.173618309095771,0.0242084753907104,0.0144341615380649
