time,inclusion,skipping,fullir,firstir,secondir
100000000,0.672340574022249,0.141265534045852,0.13477430618825,0.0341153971345272,0.0175041886091224
