time,inclusion,skipping,fullir,firstir,secondir
100000000,0.236786571857754,0.523708457543582,0.211117856879488,0.0208966170027709,0.00749049671640464
