time,inclusion,skipping,fullir,firstir,secondir
100000000,0.658061917855499,0.118580347133605,0.140884790837828,0.0597932715106857,0.0226796726623824
