time,inclusion,skipping,fullir,firstir,secondir
100000000,0.342893128200705,0.293262263162966,0.284938981308009,0.0513409774838787,0.0275646498444407
