time,inclusion,skipping,fullir,firstir,secondir
100000000,0.0639627430390967,0.761466589062393,0.161982435286984,0.00793779760867945,0.00465043500284645
