time,inclusion,skipping,fullir,firstir,secondir
100000000,0.718493485352224,0.0457121834897237,0.162748547526901,0.0438365579477241,0.0292092256834263
