time,inclusion,skipping,fullir,firstir,secondir
100000000,0.293759618890171,0.199755423548927,0.395879736241662,0.0250702592787228,0.0855349620405176
