time,inclusion,skipping,fullir,firstir,secondir
100000000,0.48038088252358,0.213418121239246,0.24457021731563,0.0435636199380045,0.0180671589835397
