time,inclusion,skipping,fullir,firstir,secondir
100000000,0.142476833215039,0.62824393034473,0.202721929425673,0.020439227798521,0.00611807921603616
