time,inclusion,skipping,fullir,firstir,secondir
100000000,0.174076206840981,0.545571469190129,0.255415374603399,0.017603880860219,0.00733306850527141
