time,inclusion,skipping,fullir,firstir,secondir
100000000,0.390526876478293,0.343723770189864,0.154829251801684,0.0715820439102741,0.039338057619885
