time,inclusion,skipping,fullir,firstir,secondir
100000000,0.73734494465595,0.0306244236944174,0.172291464019527,0.0275398462324384,0.0321993213976678
