time,inclusion,skipping,fullir,firstir,secondir
100000000,0.508208028080744,0.0978953865191373,0.326132250136289,0.038061219536076,0.0297031157277543
