time,inclusion,skipping,fullir,firstir,secondir
100000000,0.707317809747537,0.150644709017152,0.103755249523592,0.0287198884419879,0.0095623432697317
