time,inclusion,skipping,fullir,firstir,secondir
100000000,0.828944415155992,0.0181197509147567,0.0988647099660196,0.0404215449339966,0.0136495790292357
