time,inclusion,skipping,fullir,firstir,secondir
100000000,0.316207430656494,0.131308466563869,0.464964151070978,0.000159451403108802,0.0873605003055502
