time,inclusion,skipping,fullir,firstir,secondir
100000000,0.033135847073172,0.760368028658471,0.199327424054541,0.00396503421564275,0.00320366599817312
