time,inclusion,skipping,fullir,firstir,secondir
100000000,0.37214562995412,0.0726083159132563,0.339516766481324,0.203612649967194,0.0121166376841057
