time,inclusion,skipping,fullir,firstir,secondir
100000000,0.760455757668724,0.0794957768577289,0.10739413236057,0.027798461625708,0.0248558714872694
