time,inclusion,skipping,fullir,firstir,secondir
100000000,0.457583052242282,0.102581236638167,0.342787662485216,0.0451217989585303,0.0519262496758056
