time,inclusion,skipping,fullir,firstir,secondir
100000000,0.361317773576753,0.179692493505184,0.427522329346962,0.007151486052968,0.0243159175181328
