time,inclusion,skipping,fullir,firstir,secondir
100000000,0.4719632023341,0.0869388970707186,0.323386941059013,0.0631646574642405,0.0545463020719285
