time,inclusion,skipping,fullir,firstir,secondir
100000000,0.368486478101246,0.39086612544599,0.206154403019805,0.027351983039454,0.00714101039350535
