time,inclusion,skipping,fullir,firstir,secondir
100000000,0.306128640189017,0.384645884234186,0.251821727206511,0.0401230321453902,0.0172807162248961
