time,inclusion,skipping,fullir,firstir,secondir
100000000,0.249478897883553,0.52512602188759,0.188129169817617,0.0274245555205563,0.00984135489068353
