time,inclusion,skipping,fullir,firstir,secondir
100000000,0.394186927895449,0.219068505099749,0.323740837817848,0.0363271085420239,0.0266766206449306
