time,inclusion,skipping,fullir,firstir,secondir
100000000,0.649201216320213,0.190237282578968,0.0771267261709945,0.0423354375078803,0.0410993374219448
