time,inclusion,skipping,fullir,firstir,secondir
100000000,0.119181113890407,0.469517647583611,0.367354761246266,0.0278297228215768,0.0161167544581405
