time,inclusion,skipping,fullir,firstir,secondir
100000000,0.592241818353194,0.290691100922087,0.0927455042981556,0.00580194990502174,0.0185196265215421
