time,inclusion,skipping,fullir,firstir,secondir
100000000,0.394713774212756,0.188632214966852,0.366996553580843,0.0160193570880768,0.0336381001514731
