time,inclusion,skipping,fullir,firstir,secondir
100000000,0.723032320995534,0.144965217564072,0.100328966056198,0.0160416986692843,0.015631796714912
