time,inclusion,skipping,fullir,firstir,secondir
100000000,0.671709269365322,0.0533899922564843,0.181929556378785,0.0601655791990891,0.0328056028003198
