time,inclusion,skipping,fullir,firstir,secondir
100000000,0.252896238788479,0.620471819216352,0.063737360705967,0.0592087784162835,0.00368580287291829
