time,inclusion,skipping,fullir,firstir,secondir
100000000,0.415921560683823,0.154998896267188,0.218403727836243,0.191039589104171,0.0196362261085758
