time,inclusion,skipping,fullir,firstir,secondir
100000000,0.649317968212233,0.254549621662581,0.0796141001826841,0.0156710042695492,0.000847305672952946
