time,inclusion,skipping,fullir,firstir,secondir
100000000,0.41941741519037,0.505361874938678,0.0596464583853825,0.0101898117708213,0.00538443971474812
