time,inclusion,skipping,fullir,firstir,secondir
100000000,0.699064729753555,0.0234452768460026,0.135400325513293,0.0542426272157508,0.0878470406713984
