time,inclusion,skipping,fullir,firstir,secondir
100000000,0.652650398784966,0.139731598347502,0.168869255542507,0.0333970030310329,0.00535174429399179
