time,inclusion,skipping,fullir,firstir,secondir
100000000,0.0212084817318063,0.871328013652487,0.102473578929995,0.00168579973238967,0.00330412595332286
