time,inclusion,skipping,fullir,firstir,secondir
100000000,0.408210717655652,0.35894276800995,0.197878342868246,0.0272171590854647,0.00775101238068742
