time,inclusion,skipping,fullir,firstir,secondir
100000000,0.55669426671426,0.0665929381567735,0.315187316495447,0.0301055789510606,0.0314198996824585
