time,inclusion,skipping,fullir,firstir,secondir
100000000,0.369598781839436,0.35399203170306,0.209412153833914,0.0521734334911141,0.0148235991324765
