time,inclusion,skipping,fullir,firstir,secondir
100000000,0.703771154240932,0.0652243866403214,0.174715408702874,0.0287585130509829,0.0275305373648899
