time,inclusion,skipping,fullir,firstir,secondir
100000000,0.576957462093881,0.0797226209246674,0.248326043287518,0.0599023644263306,0.0350915092676029
