time,inclusion,skipping,fullir,firstir,secondir
100000000,0.761682565796435,0.0397724840555922,0.121004845735375,0.0507549400785159,0.0267851643340812
