time,inclusion,skipping,fullir,firstir,secondir
100000000,0.319948087109072,0.323188982651864,0.231823881892573,0.122116870540858,0.00292217780563359
