time,inclusion,skipping,fullir,firstir,secondir
100000000,0.531259707280436,0.127214567865729,0.306699549848529,0.0246913157886713,0.0101348592166356
