time,inclusion,skipping,fullir,firstir,secondir
100000000,0.448809222195585,0.0458046676847365,0.431404270088641,0.0267020261736552,0.0472798138573824
