time,inclusion,skipping,fullir,firstir,secondir
100000000,0.718363713285923,0.0584625768257566,0.150227840944989,0.0474277922182318,0.0255180767251001
