time,inclusion,skipping,fullir,firstir,secondir
100000000,0.438035293318314,0.305132155190814,0.211536436022374,0.0303923520875497,0.0149037633809478
