time,inclusion,skipping,fullir,firstir,secondir
100000000,0.808697914941177,0.0293217670075268,0.10545583418375,0.0287448238274084,0.027779660040138
