time,inclusion,skipping,fullir,firstir,secondir
100000000,0.355652500730267,0.317128686122332,0.289960170999585,0.0273599015654237,0.00989874058239235
