time,inclusion,skipping,fullir,firstir,secondir
100000000,0.616683693380328,0.217823390441523,0.0874803697469217,0.0558485350756874,0.0221640113555402
