time,inclusion,skipping,fullir,firstir,secondir
100000000,0.547333117657917,0.0533624966864558,0.333618364284256,0.0261364573742099,0.0395495639971614
