time,inclusion,skipping,fullir,firstir,secondir
100000000,0.390567412780021,0.258826316004086,0.259155944572774,0.0522727483751343,0.0391775782679849
