time,inclusion,skipping,fullir,firstir,secondir
100000000,0.106942390804036,0.700442771660984,0.180467130212343,0.00973934720711693,0.00240836011551982
