time,inclusion,skipping,fullir,firstir,secondir
100000000,0.755898338066207,0.0320425218052085,0.136373735744309,0.0514691186302768,0.0242162857539981
