time,inclusion,skipping,fullir,firstir,secondir
100000000,0.736168888798213,0.0386956920911159,0.138057105550398,0.0536433096328638,0.0334350039274092
