time,inclusion,skipping,fullir,firstir,secondir
100000000,0.440995746684227,0.0395885814778099,0.414764033093099,0.00475541063233925,0.0998962281125255
