time,inclusion,skipping,fullir,firstir,secondir
100000000,0.6548797619067,0.0864611762128259,0.194333886943451,0.0156412370227612,0.048683937914262
