time,inclusion,skipping,fullir,firstir,secondir
100000000,0.540990069404218,0.0758865262972363,0.255953448044092,0.106389090943798,0.0207808653106555
