time,inclusion,skipping,fullir,firstir,secondir
100000000,0.664434026056057,0.0211498516308872,0.250917385161129,0.0387293366947852,0.0247694004571418
