time,inclusion,skipping,fullir,firstir,secondir
100000000,0.0457185905624391,0.732374151954204,0.214060861063786,0.00371544066329746,0.00413095575627362
