time,inclusion,skipping,fullir,firstir,secondir
100000000,0.668516020748694,0.0735533361358822,0.189715643149523,0.0446395879893959,0.0235754119765042
