time,inclusion,skipping,fullir,firstir,secondir
100000000,0.527511523240462,0.342596352882989,0.0721134018403421,0.0364570498037364,0.0213216722324701
