time,inclusion,skipping,fullir,firstir,secondir
100000000,0.572154094301626,0.299983150654525,0.103077713084987,0.0166006873217513,0.00818435463711131
