time,inclusion,skipping,fullir,firstir,secondir
100000000,0.166840376599168,0.0523174421521487,0.692489968035291,0.0863295607296817,0.00202265248371052
