time,inclusion,skipping,fullir,firstir,secondir
100000000,0.000422916158360531,0.904922997441855,0.0943554262173097,0.000163689825853799,0.000134970356620817
