time,inclusion,skipping,fullir,firstir,secondir
100000000,0.376807783797147,0.330633013802653,0.272162133299357,0.00870483182309411,0.0116922372777492
