time,inclusion,skipping,fullir,firstir,secondir
100000000,0.416074779597693,0.307623686760495,0.228711945276271,0.0222176656062347,0.0253719227593071
