time,inclusion,skipping,fullir,firstir,secondir
100000000,0.805033532968576,0.0290389092036998,0.0965668072459751,0.0296552377280955,0.039705512853654
