time,inclusion,skipping,fullir,firstir,secondir
100000000,0.666257505041188,0.129513082207661,0.173370197333942,0.0103816672914651,0.0204775481257431
