time,inclusion,skipping,fullir,firstir,secondir
100000000,0.781465036386669,0.0977458018047782,0.0902420227975321,0.0205154063483943,0.0100317326626263
