time,inclusion,skipping,fullir,firstir,secondir
100000000,0.144777305339752,0.69663247122632,0.144468405281485,0.00836337328729412,0.00575844486514775
