time,inclusion,skipping,fullir,firstir,secondir
100000000,0.11537279797402,0.775920814644846,0.102432719285016,0.0030545801487605,0.00321908794735814
