time,inclusion,skipping,fullir,firstir,secondir
100000000,0.417039619784189,0.307985137338397,0.226650744741228,0.0361812496406677,0.0121432484955175
