time,inclusion,skipping,fullir,firstir,secondir
100000000,0.703623877790494,0.0958844248105012,0.145561733855185,0.0294607779319498,0.0254691856118702
