time,inclusion,skipping,fullir,firstir,secondir
100000000,0.50734479747602,0.355784786221373,0.103905230900894,0.0222154315381815,0.010749753863532
