time,inclusion,skipping,fullir,firstir,secondir
100000000,0.597229839883332,0.0629327689905687,0.236454591828139,0.0836517960396322,0.0197310032583279
