time,inclusion,skipping,fullir,firstir,secondir
100000000,0.440359374840914,0.159414669707028,0.314385944333088,0.0246484014994701,0.0611916096194993
