time,inclusion,skipping,fullir,firstir,secondir
100000000,0.378854049000006,0.0855005260423694,0.417701017299498,0.0480371555629809,0.0699072520951452
