time,inclusion,skipping,fullir,firstir,secondir
100000000,0.652984656379802,0.0873628084291544,0.172593880388485,0.0687746888708305,0.018283965931728
