time,inclusion,skipping,fullir,firstir,secondir
100000000,0.462325554427541,0.0644122517684828,0.143122455863578,0.307540375546781,0.0225993623936172
