time,inclusion,skipping,fullir,firstir,secondir
100000000,0.779063654081822,0.0161770064463652,0.119657616527553,0.0482994994973325,0.0368022234469271
