time,inclusion,skipping,fullir,firstir,secondir
100000000,0.424475696589179,0.288230387104381,0.221432703735451,0.044263339717504,0.0215978728534851
