time,inclusion,skipping,fullir,firstir,secondir
100000000,0.543823327312904,0.182399528967642,0.206398955364577,0.0432845012663495,0.0240936870885268
