time,inclusion,skipping,fullir,firstir,secondir
100000000,0.698404745210813,0.158872047741852,0.0995751570945313,0.0267118836066075,0.0164361663461964
