time,inclusion,skipping,fullir,firstir,secondir
100000000,0.338886743725512,0.10394507404873,0.0566997278118685,0.0534338231228484,0.447034631291042
