time,inclusion,skipping,fullir,firstir,secondir
100000000,0.00614685452982415,0.881769914718952,0.110861326477485,0.000401583733235393,0.000820320540503453
