time,inclusion,skipping,fullir,firstir,secondir
100000000,0.349421296653807,0.325729518349545,0.282421235905657,0.0151674744111291,0.0272604746798624
