time,inclusion,skipping,fullir,firstir,secondir
100000000,0.340550261293271,0.427291401570816,0.198014588352334,0.0261201239883439,0.00802362479523538
