time,inclusion,skipping,fullir,firstir,secondir
100000000,0.393268628068516,0.307140387718652,0.262607216610124,0.0286341827224427,0.00834958488026517
