time,inclusion,skipping,fullir,firstir,secondir
100000000,0.344167551550881,0.210866723654709,0.423562301260562,0.0211552452351774,0.000248178298670657
