time,inclusion,skipping,fullir,firstir,secondir
100000000,0.548700309563944,0.0896163867050045,0.313532465053213,0.0164777830343786,0.03167305564346
