time,inclusion,skipping,fullir,firstir,secondir
100000000,0.224459326575839,0.539174877999962,0.209198737973556,0.0202535161484601,0.00691354130218259
