time,inclusion,skipping,fullir,firstir,secondir
100000000,0.394807104309505,0.31562863116655,0.263370346323958,0.0240467564494953,0.00214716175049133
