time,inclusion,skipping,fullir,firstir,secondir
100000000,0.762871939108452,0.0572684478314954,0.0999282620586637,0.0514334067337732,0.0284979442676158
