time,inclusion,skipping,fullir,firstir,secondir
100000000,0.387550044865753,0.0329788765066427,0.43376693619771,0.0268919438992188,0.118812198530676
