time,inclusion,skipping,fullir,firstir,secondir
100000000,0.360843249235435,0.205121863063075,0.253569755318083,0.17832256004891,0.00214257233449834
