time,inclusion,skipping,fullir,firstir,secondir
100000000,0.733625894505445,0.0479660942982033,0.156627129635926,0.038498113812656,0.0232827677477695
