time,inclusion,skipping,fullir,firstir,secondir
100000000,0.0322905390402121,0.696097480006283,0.263166879172482,0.00678007456854541,0.00166502721247706
