time,inclusion,skipping,fullir,firstir,secondir
100000000,0.776653903144253,0.0306033892475838,0.130932616089942,0.0336568929653853,0.0281531985528359
