time,inclusion,skipping,fullir,firstir,secondir
100000000,0.8122848389833,0.016726441357127,0.103619822834506,0.0412460565425671,0.0261228402825
