time,inclusion,skipping,fullir,firstir,secondir
100000000,0.701151004287857,0.0311624688764198,0.101559083034934,0.149404295937899,0.0167231478628896
