time,inclusion,skipping,fullir,firstir,secondir
100000000,0.721547040900368,0.0384437493153519,0.163855045298344,0.0535465783825671,0.0226075861033687
