time,inclusion,skipping,fullir,firstir,secondir
100000000,0.694461227018159,0.109555193005891,0.153212169433181,0.0274525187203283,0.0153188918224408
