time,inclusion,skipping,fullir,firstir,secondir
100000000,0.243254852758754,0.169537311178191,0.490135374687333,0.0635480062872725,0.0335244550884499
