time,inclusion,skipping,fullir,firstir,secondir
100000000,0.287677870600861,0.501632893286382,0.196188533727692,0.0081563056422218,0.00634439674284242
