time,inclusion,skipping,fullir,firstir,secondir
100000000,0.337422164814984,0.413482817175476,0.219389582419245,0.0181198827500997,0.0115855528401955
