time,inclusion,skipping,fullir,firstir,secondir
100000000,0.531768182835435,0.332038798953538,0.0959768354016468,0.0250149914893678,0.0152011913200124
