time,inclusion,skipping,fullir,firstir,secondir
100000000,0.649471824205206,0.0980722483076065,0.176393178929735,0.0527315988221074,0.0233311497353451
