time,inclusion,skipping,fullir,firstir,secondir
100000000,0.00498961843975359,0.852375628503903,0.141306479427933,0.000225422388992109,0.00110285123941879
