time,inclusion,skipping,fullir,firstir,secondir
100000000,0.392484804670306,0.0642809372001246,0.479592228573719,0.0554968394017016,0.00814519015414851
