time,inclusion,skipping,fullir,firstir,secondir
100000000,0.356148402217106,0.276038615701409,0.31304523716931,0.0278607398481558,0.0269070050640186
