time,inclusion,skipping,fullir,firstir,secondir
100000000,0.542223463970943,0.0637992430977115,0.31954281069823,0.0204780168144065,0.0539564654187092
