time,inclusion,skipping,fullir,firstir,secondir
100000000,0.439916855911616,0.322768180519609,0.176873527310129,0.0470598687761581,0.013381567482489
