time,inclusion,skipping,fullir,firstir,secondir
100000000,0.403139505920396,0.325313825307459,0.217623854822147,0.0417774262066949,0.0121453877433026
