time,inclusion,skipping,fullir,firstir,secondir
100000000,0.666498094763828,0.112415311472679,0.17530090264114,0.0185800869891496,0.0272056041332027
