time,inclusion,skipping,fullir,firstir,secondir
100000000,0.333193406908452,0.0532798644975237,0.391338022206301,0.158063467521273,0.0641252388664498
