time,inclusion,skipping,fullir,firstir,secondir
100000000,0.751918048959369,0.0253207099639517,0.13651797013707,0.0574037564944943,0.0288395144451153
