time,inclusion,skipping,fullir,firstir,secondir
100000000,0.396517094921762,0.0612306856659579,0.427457204609314,0.0202935396695743,0.0945014751333919
