time,inclusion,skipping,fullir,firstir,secondir
100000000,0.401761696153833,0.353417883835756,0.183354779688902,0.0434517029795695,0.0180139373419393
