time,inclusion,skipping,fullir,firstir,secondir
100000000,0.684711181871587,0.0640264598109184,0.174471247119808,0.0445609593845352,0.0322301518131512
