time,inclusion,skipping,fullir,firstir,secondir
100000000,0.397411953176372,0.0326844192955042,0.489905688107126,0.00102321888702472,0.0789747205339728
