time,inclusion,skipping,fullir,firstir,secondir
100000000,0.693300769662456,0.11272209436617,0.139708087030978,0.0383047249158488,0.015964324024548
