time,inclusion,skipping,fullir,firstir,secondir
100000000,0.374745679401535,0.337283555282713,0.24096215626536,0.0372090997517458,0.00979950929864549
