time,inclusion,skipping,fullir,firstir,secondir
100000000,0.172308325110277,0.264378529413553,0.487082878279176,0.0387888501431521,0.0374414170538426
