time,inclusion,skipping,fullir,firstir,secondir
100000000,0.672964538245723,0.0692400510883901,0.18419619943326,0.0412157655162435,0.0323834457163833
