time,inclusion,skipping,fullir,firstir,secondir
100000000,0.515465198339272,0.0728803772789439,0.334013252829236,0.0374050768906463,0.0402360946619021
