time,inclusion,skipping,fullir,firstir,secondir
100000000,0.37368605174371,0.339048411717717,0.250785803665224,0.0310886379992454,0.00539109487410466
