time,inclusion,skipping,fullir,firstir,secondir
100000000,0.460272820999138,0.0811982192897801,0.367555019197263,0.0583138611021937,0.0326600794116249
