time,inclusion,skipping,fullir,firstir,secondir
100000000,0.737343588100631,0.0674525365544063,0.158289551857477,0.029231358824257,0.00768296466322903
