time,inclusion,skipping,fullir,firstir,secondir
100000000,0.432401139708239,0.164112742271782,0.318313871433176,0.0622776546149959,0.0228945919718068
