time,inclusion,skipping,fullir,firstir,secondir
100000000,0.806065460256711,0.00961857017718892,0.101422716029691,0.0423725187432294,0.0405207347931796
