time,inclusion,skipping,fullir,firstir,secondir
100000000,0.232017323366766,0.0556076364565391,0.59911487650302,0.102921360815566,0.0103388028581083
