time,inclusion,skipping,fullir,firstir,secondir
100000000,0.675494107836783,0.194714992712955,0.0917345227413995,0.0351014445388283,0.00295493217003426
