time,inclusion,skipping,fullir,firstir,secondir
100000000,0.0234222937550197,0.742019152055636,0.191299981430107,0.0293304845827338,0.0139280881765036
