time,inclusion,skipping,fullir,firstir,secondir
100000000,0.401338868272972,0.289158354552546,0.276102952348418,0.0145374257326974,0.0188623990933665
