time,inclusion,skipping,fullir,firstir,secondir
100000000,0.735440104366511,0.0146573555367969,0.172217020950042,0.0319279666436446,0.0457575525030057
