time,inclusion,skipping,fullir,firstir,secondir
100000000,0.538398236060716,0.317213891083187,0.0782702356577387,0.0492010518107172,0.0169165853876413
