time,inclusion,skipping,fullir,firstir,secondir
100000000,0.558880767242282,0.0819158153504172,0.282640941040994,0.0215191951684449,0.0550432811978615
