time,inclusion,skipping,fullir,firstir,secondir
100000000,0.402119979850724,0.292006651074362,0.237406079948721,0.0430800606623633,0.02538722846383
