time,inclusion,skipping,fullir,firstir,secondir
100000000,0.355890746025275,0.391561353444762,0.20281288218508,0.0280269058295964,0.0217081125152874
