time,inclusion,skipping,fullir,firstir,secondir
100000000,0.327203862960018,0.422649595422163,0.223208503102993,0.0148181244312546,0.0121199140835718
