time,inclusion,skipping,fullir,firstir,secondir
100000000,0.758031917225596,0.0370337511288356,0.119711418049852,0.0197302199989018,0.065492693596815
