time,inclusion,skipping,fullir,firstir,secondir
100000000,0.496087811369656,0.339113609777547,0.123208057514849,0.0236367765783506,0.0179537447595973
