time,inclusion,skipping,fullir,firstir,secondir
100000000,0.812149613693429,0.0379747218068749,0.113533223977204,0.0208267000914884,0.0155157404310029
