time,inclusion,skipping,fullir,firstir,secondir
100000000,0.708478586371166,0.061659560037137,0.15326851443792,0.0522924395407317,0.0243008996130453
