time,inclusion,skipping,fullir,firstir,secondir
100000000,0.701397749294746,0.0549990933506241,0.137933967827935,0.0850979131690418,0.020571276357653
