time,inclusion,skipping,fullir,firstir,secondir
100000000,0.748060678299485,0.183181140422399,0.0508591964109553,0.0111692429732829,0.00672974189387798
