time,inclusion,skipping,fullir,firstir,secondir
100000000,0.785620336109008,0.0304055792481117,0.108390617897705,0.0430945864902528,0.0324888802549223
