time,inclusion,skipping,fullir,firstir,secondir
100000000,0.464961946156119,0.0763509267980916,0.307691868877769,0.123998573528787,0.026996684639233
