time,inclusion,skipping,fullir,firstir,secondir
100000000,0.665919313455723,0.0688467254652404,0.235295678803798,0.0136852614200193,0.0162530208552195
