time,inclusion,skipping,fullir,firstir,secondir
100000000,0.454774925500168,0.226986410104232,0.247510500903803,0.0541321982170107,0.0165959652747863
