time,inclusion,skipping,fullir,firstir,secondir
100000000,0.651304105195598,0.185924343109991,0.137670708303928,0.0126930531953823,0.0124077901951004
