time,inclusion,skipping,fullir,firstir,secondir
100000000,0.822493223573441,0.00201763525526796,0.0625817909421013,0.0890206346325287,0.0238867155966615
