time,inclusion,skipping,fullir,firstir,secondir
100000000,0.717855520783929,0.0860601569854436,0.13685157855342,0.0343586831118754,0.0248740605653324
