time,inclusion,skipping,fullir,firstir,secondir
100000000,0.594915570374692,0.0656763487055614,0.262100774877888,0.0491174514507516,0.0281898545911068
