time,inclusion,skipping,fullir,firstir,secondir
100000000,0.257953032081354,0.339481076542528,0.34420609703577,0.0476509990774939,0.0107087952628546
