time,inclusion,skipping,fullir,firstir,secondir
100000000,0.642725758493511,0.0724519475027758,0.192954071647689,0.0699968365631833,0.02187138579284
