time,inclusion,skipping,fullir,firstir,secondir
100000000,0.76293884046205,0.0495971591087392,0.133234601294314,0.0315429631151814,0.0226864360197154
