time,inclusion,skipping,fullir,firstir,secondir
100000000,0.542778623022762,0.0805191798765942,0.304738444155649,0.03485772905818,0.0371060238868153
