time,inclusion,skipping,fullir,firstir,secondir
100000000,0.472981634218595,0.0655472319051707,0.420064797198352,0.0359281001882247,0.0054782364896576
