time,inclusion,skipping,fullir,firstir,secondir
100000000,0.374818294296875,0.421314744465979,0.173479110765969,0.0184664603829367,0.0119213900882404
