time,inclusion,skipping,fullir,firstir,secondir
100000000,0.692088855285232,0.0781332562734845,0.173592500499281,0.0240349172607169,0.0321504706812853
