time,inclusion,skipping,fullir,firstir,secondir
100000000,0.664064611302878,0.125408811934949,0.148005933334136,0.0398468423309631,0.0226738010970742
