time,inclusion,skipping,fullir,firstir,secondir
100000000,0.475912888321603,0.081948515899352,0.366127456022369,0.0234339072491297,0.0525772325075461
