time,inclusion,skipping,fullir,firstir,secondir
100000000,0.505623552252451,0.157718324182456,0.278528395112456,0.0397978417968248,0.0183318866558123
