time,inclusion,skipping,fullir,firstir,secondir
100000000,0.764491142399497,0.0269193590506583,0.132118324831947,0.0448162244420482,0.0316549492758491
