time,inclusion,skipping,fullir,firstir,secondir
100000000,0.463335814730644,0.151569757555734,0.33222758247388,0.0439716316874279,0.0088952135523145
