time,inclusion,skipping,fullir,firstir,secondir
100000000,0.00288012308381987,0.88913073688593,0.10675263885346,0.000412579808054118,0.000823921368736328
