time,inclusion,skipping,fullir,firstir,secondir
100000000,0.541400684614673,0.232695789731593,0.171312266233165,0.0410087645724615,0.0135824948481068
