time,inclusion,skipping,fullir,firstir,secondir
100000000,0.666988252422767,0.0484785954052759,0.215025691260363,0.0422576732568125,0.0272497876547816
