time,inclusion,skipping,fullir,firstir,secondir
100000000,0.86181079690397,0.0202800950308909,0.0730743203678287,0.0190860527719329,0.025748734925377
