time,inclusion,skipping,fullir,firstir,secondir
100000000,0.666815919072217,0.12896386816538,0.16543818760502,0.0188452626252411,0.0199367625321407
