time,inclusion,skipping,fullir,firstir,secondir
100000000,0.651906923620542,0.0996213093264842,0.176460699176991,0.0499949833276917,0.022016084548292
