time,inclusion,skipping,fullir,firstir,secondir
100000000,0.848278539390319,0.0530027139642343,0.0576150365257719,0.0376116748285405,0.00349203529113465
