time,inclusion,skipping,fullir,firstir,secondir
100000000,0.670927920169524,0.148965206102199,0.133885860036407,0.0357950465069493,0.0104259671849204
