time,inclusion,skipping,fullir,firstir,secondir
100000000,0.339145287811027,0.132283501644128,0.361421165680829,0.0302053633538132,0.136944681510204
