time,inclusion,skipping,fullir,firstir,secondir
100000000,0.423185874975222,0.256429221266898,0.270566453455868,0.0335756509952506,0.0162427993067611
