time,inclusion,skipping,fullir,firstir,secondir
100000000,0.423953270952546,0.303395377300145,0.224917424406375,0.0292916904154379,0.0184422369254959
