time,inclusion,skipping,fullir,firstir,secondir
100000000,0.0228722772838067,0.710980690591416,0.258585148156762,0.00408456006375912,0.0034773239042565
