time,inclusion,skipping,fullir,firstir,secondir
100000000,0.646674276227042,0.229116945107399,0.086541454809588,0.0254228494344713,0.0122444744215005
