time,inclusion,skipping,fullir,firstir,secondir
100000000,0.975938569586565,0.00115780793704222,0.0133351824186216,0.00407877053962053,0.00548966951815077
