time,inclusion,skipping,fullir,firstir,secondir
100000000,0.26999662889112,0.510432015618499,0.202026965997149,0.010606041621383,0.00693834787184791
