time,inclusion,skipping,fullir,firstir,secondir
100000000,0.719432645854842,0.0483692924010595,0.145837517491284,0.0465644033945596,0.0397961408582547
