time,inclusion,skipping,fullir,firstir,secondir
100000000,0.27998195065219,0.0254378872073043,0.560183948274538,0.00245539039289502,0.131940823473073
