time,inclusion,skipping,fullir,firstir,secondir
100000000,0.558885151420724,0.247668171081589,0.102832265623359,0.0767125187577795,0.0139018931165489
