time,inclusion,skipping,fullir,firstir,secondir
100000000,0.376549455832121,0.332441756073518,0.240409408955641,0.0351986080895552,0.0154007710491649
