time,inclusion,skipping,fullir,firstir,secondir
100000000,0.654014231017648,0.0843477050308726,0.187500069010502,0.0549556668992121,0.019182328041765
