time,inclusion,skipping,fullir,firstir,secondir
100000000,0.401677364090071,0.202033978621354,0.24645283970268,0.133253545641496,0.0165822719443997
