time,inclusion,skipping,fullir,firstir,secondir
100000000,0.677508170846416,0.102090037692345,0.172016002452575,0.0333671555731532,0.015018633435511
