time,inclusion,skipping,fullir,firstir,secondir
100000000,0.738647650656755,0.0399652106648145,0.164589195258687,0.0281726790319331,0.02862526438781
