time,inclusion,skipping,fullir,firstir,secondir
100000000,0.0353481807534729,0.814086861486782,0.144512501233405,0.00469042975828349,0.0013620267680566
