time,inclusion,skipping,fullir,firstir,secondir
100000000,0.499302064300873,0.107911279115474,0.333080914115221,0.0450042144380354,0.0147015280303976
