time,inclusion,skipping,fullir,firstir,secondir
100000000,0.562715827121078,0.324731244052101,0.0917262855130362,0.0128306972151256,0.00799594609865934
