time,inclusion,skipping,fullir,firstir,secondir
100000000,0.664481968100146,0.162253534878896,0.0931609170851972,0.0598340930958237,0.0202694868399373
