time,inclusion,skipping,fullir,firstir,secondir
100000000,0.189763926131211,0.525644121427289,0.258192323019143,0.0160477738692175,0.0103518555531388
