time,inclusion,skipping,fullir,firstir,secondir
100000000,0.607392675955357,0.0712787278577449,0.252859298942154,0.0107908538860826,0.057678443358661
