time,inclusion,skipping,fullir,firstir,secondir
100000000,0.0219335634641218,0.782294558349043,0.185917162157692,0.000744829678895461,0.00910988635024758
