time,inclusion,skipping,fullir,firstir,secondir
100000000,0.726822970562941,0.121637301566222,0.117370184523784,0.0145642479638574,0.0196052953831962
