time,inclusion,skipping,fullir,firstir,secondir
100000000,0.372760416838642,0.32854438627545,0.258134915430772,0.0172655313279304,0.0232947501272053
