time,inclusion,skipping,fullir,firstir,secondir
100000000,0.0043570085983836,0.90956671658852,0.0850259785401133,0.000767890680056473,0.00028240559292671
