time,inclusion,skipping,fullir,firstir,secondir
100000000,0.421783323856334,0.299756361036675,0.230647196839541,0.0339152984688791,0.0138978197985713
