time,inclusion,skipping,fullir,firstir,secondir
100000000,0.807240926672995,0.0240052021974929,0.107897766122277,0.0353138252578933,0.0255422797493417
