time,inclusion,skipping,fullir,firstir,secondir
100000000,0.18796794624907,0.0401670037526441,0.528666087268636,0.000123004454374422,0.243075958275276
