time,inclusion,skipping,fullir,firstir,secondir
100000000,0.313544556966821,0.00712252151660649,0.564947137927891,0.000266711757826723,0.114119071830855
