time,inclusion,skipping,fullir,firstir,secondir
100000000,0.61398739665842,0.261537862187475,0.0902315577716881,0.0234526125730235,0.0107905708093937
