time,inclusion,skipping,fullir,firstir,secondir
100000000,0.742545148528267,0.0525686994944688,0.114455090160305,0.056466449174127,0.0339646126428324
