time,inclusion,skipping,fullir,firstir,secondir
100000000,0.437108719006141,0.402188447068653,0.114163317311061,0.0150856052258188,0.0314539113883261
