time,inclusion,skipping,fullir,firstir,secondir
100000000,0.479234383498112,0.388105502653294,0.119019910240511,0.00897220827513804,0.00466799533294565
