time,inclusion,skipping,fullir,firstir,secondir
100000000,0.64290848979659,0.219370677145604,0.0727491190800401,0.0487637775519522,0.0162079364258132
