time,inclusion,skipping,fullir,firstir,secondir
100000000,0.75339571270766,0.0471659257837476,0.116199831262356,0.0509631585847372,0.0322753716614987
