time,inclusion,skipping,fullir,firstir,secondir
100000000,0.318140273674369,0.234093481062623,0.213841219981753,0.0525881171748891,0.181336908106366
