time,inclusion,skipping,fullir,firstir,secondir
100000000,0.815415432162863,0.0191229277518849,0.122005738371367,0.027654610446225,0.0158012912676596
