time,inclusion,skipping,fullir,firstir,secondir
100000000,0.337812762614251,0.362830746883162,0.257749051419567,0.0282962967093579,0.0133111423736618
