time,inclusion,skipping,fullir,firstir,secondir
100000000,0.711789024478346,0.072716672076452,0.146111008794378,0.0536515033267636,0.0157317913240611
