time,inclusion,skipping,fullir,firstir,secondir
100000000,0.651022758097448,0.119707137691076,0.157626514137053,0.0466080813209816,0.0250355087534416
