time,inclusion,skipping,fullir,firstir,secondir
100000000,0.706619318936329,0.0764159655327076,0.139335785348537,0.0476693531382965,0.0299595770441299
