time,inclusion,skipping,fullir,firstir,secondir
100000000,0.633490687707115,0.0630060251373329,0.236812807339489,0.0340984738709038,0.0325920059451584
