time,inclusion,skipping,fullir,firstir,secondir
100000000,0.681145100537956,0.11637942985009,0.15176019136658,0.0320136382117049,0.0187016400336688
