time,inclusion,skipping,fullir,firstir,secondir
100000000,0.736811250176919,0.0638901883628598,0.145478656227318,0.0240318739342927,0.0297880312986103
