time,inclusion,skipping,fullir,firstir,secondir
100000000,0.740398252449342,0.109873987252009,0.121547079536377,0.0106114389579903,0.0175692418042808
