time,inclusion,skipping,fullir,firstir,secondir
100000000,0.647714021143903,0.200739005668795,0.131601696545223,0.00736579103990312,0.0125794856021759
