time,inclusion,skipping,fullir,firstir,secondir
100000000,0.433186237306544,0.150909692073675,0.351622254395742,0.0351000732069975,0.0291817430170412
