time,inclusion,skipping,fullir,firstir,secondir
100000000,0.653566045477232,0.092353707285178,0.200491995724514,0.0175613788311897,0.0360268726818867
