time,inclusion,skipping,fullir,firstir,secondir
100000000,0.667802015011714,0.156242666040835,0.10717461925172,0.0486377878514639,0.0201429118442669
