time,inclusion,skipping,fullir,firstir,secondir
100000000,0.719997322706538,0.0307590126965494,0.178975008495258,0.0420160019770783,0.0282526541245765
