time,inclusion,skipping,fullir,firstir,secondir
100000000,0.144442489366737,0.640279185096645,0.195547883560965,0.0117951860593521,0.0079352559163011
