time,inclusion,skipping,fullir,firstir,secondir
100000000,0.329276067784416,0.271806360164522,0.245439710779155,0.034992624363761,0.118485236908146
