time,inclusion,skipping,fullir,firstir,secondir
100000000,0.567216171193609,0.303845393941975,0.0936371138029615,0.0255304512942632,0.00977086976719218
