time,inclusion,skipping,fullir,firstir,secondir
100000000,0.442515693456989,0.308051399541719,0.203781030217811,0.0333083925755288,0.0123434842079519
