time,inclusion,skipping,fullir,firstir,secondir
100000000,0.656321623649073,0.0380260512052104,0.193315662109489,0.0693906925538283,0.0429459704823995
