time,inclusion,skipping,fullir,firstir,secondir
100000000,0.656583821212297,0.0986963675655838,0.170421972546036,0.0426787368548194,0.0316191018212638
