time,inclusion,skipping,fullir,firstir,secondir
100000000,0.258437667006935,0.488621916707086,0.21607546289069,0.0207664170820802,0.0160985363132092
