time,inclusion,skipping,fullir,firstir,secondir
100000000,0.334864250195431,0.319563573703513,0.290987242700672,0.0250047921369438,0.0295801412634403
