time,inclusion,skipping,fullir,firstir,secondir
100000000,0.200249636604438,0.0227289419720526,0.627354400967316,0.000990468184738283,0.148676552271456
