time,inclusion,skipping,fullir,firstir,secondir
100000000,0.674578066736707,0.0765348999575313,0.179460581729842,0.0330759747342154,0.0363504768417052
