time,inclusion,skipping,fullir,firstir,secondir
100000000,0.798226996142486,0.0133711687137854,0.123445494455832,0.0354792436689962,0.0294770970189002
