time,inclusion,skipping,fullir,firstir,secondir
100000000,0.678419069771256,0.0685121083658712,0.184100197507804,0.0166297613308286,0.0523388630242397
