time,inclusion,skipping,fullir,firstir,secondir
100000000,0.210087857987663,0.51304851576939,0.230484020106969,0.0326483883528323,0.0137312177831447
