time,inclusion,skipping,fullir,firstir,secondir
100000000,0.669249636032666,0.0888675891146829,0.180216628771471,0.0421788661109461,0.0194872799702344
