time,inclusion,skipping,fullir,firstir,secondir
100000000,0.482175002041987,0.125256569737745,0.31528940626949,0.0430730134665485,0.0342060084842296
