time,inclusion,skipping,fullir,firstir,secondir
100000000,0.00312115853353137,0.887496101932011,0.108184043567495,0.000300229485399797,0.000898466481562852
