time,inclusion,skipping,fullir,firstir,secondir
100000000,0.70895528447808,0.0548333581874631,0.0972743943350577,0.103798382427105,0.0351385805722938
