time,inclusion,skipping,fullir,firstir,secondir
100000000,0.525656690097486,0.0504889286500771,0.267712798742801,0.135187779156313,0.0209538033533231
