time,inclusion,skipping,fullir,firstir,secondir
100000000,0.73093117306363,0.0760841276514587,0.11946210920298,0.0549384741695932,0.0185841159123381
