time,inclusion,skipping,fullir,firstir,secondir
100000000,0.59869912340819,0.212714137215811,0.0862180990845123,0.0931659305090839,0.00920270978240256
