time,inclusion,skipping,fullir,firstir,secondir
100000000,0.456291488692612,0.0890579920924345,0.359583044738265,0.0534060097566598,0.0416614647200284
