time,inclusion,skipping,fullir,firstir,secondir
100000000,0.655505619504705,0.156401227352942,0.136728666665567,0.0343990838059816,0.0169654026708053
