time,inclusion,skipping,fullir,firstir,secondir
100000000,0.693420729070065,0.0721409811488434,0.138566524867576,0.0692755191922895,0.0265962457212262
