time,inclusion,skipping,fullir,firstir,secondir
100000000,0.944235701153576,0.00921358492438601,0.0193796978314502,0.0256457732751389,0.0015252428154492
