time,inclusion,skipping,fullir,firstir,secondir
100000000,0.811874070489894,0.0369767863618327,0.0607607358120584,0.0358294015859958,0.0545590057502192
