time,inclusion,skipping,fullir,firstir,secondir
100000000,0.171579624769373,0.524975238107712,0.279796221879845,0.0148485225993433,0.00880039264372671
