time,inclusion,skipping,fullir,firstir,secondir
100000000,0.0910394757523994,0.61366370641753,0.28544682937215,0.00730198581569113,0.00254800264222981
