time,inclusion,skipping,fullir,firstir,secondir
100000000,0.631179608361734,0.0748030290307182,0.201093962198379,0.0693550470799316,0.0235683533292364
