time,inclusion,skipping,fullir,firstir,secondir
100000000,0.698085631789135,0.0470884659719737,0.142317908744468,0.0608048079903512,0.0517031855040725
