time,inclusion,skipping,fullir,firstir,secondir
100000000,0.106962584975976,0.0152753507689868,0.682921296663391,0.00350593338826933,0.191334834203376
