time,inclusion,skipping,fullir,firstir,secondir
100000000,0.00117715551982547,0.890598772703082,0.107523941091427,0.000420119163234042,0.000280011522431358
