time,inclusion,skipping,fullir,firstir,secondir
100000000,0.438017568972329,0.297875333965593,0.219482571211966,0.0255017870574961,0.019122738792616
