time,inclusion,skipping,fullir,firstir,secondir
100000000,0.458882838225835,0.148090917934191,0.2259542421779,0.166707302528064,0.00036469913400976
