time,inclusion,skipping,fullir,firstir,secondir
100000000,0.730767441719367,0.115146593967977,0.0893771197323955,0.0584677052386336,0.00624113934162654
