time,inclusion,skipping,fullir,firstir,secondir
100000000,0.360892867089427,0.291861084750027,0.263259705106043,0.0718342152693428,0.0121521277851598
