time,inclusion,skipping,fullir,firstir,secondir
100000000,0.785704170786321,0.0150214203578722,0.0458641082346692,0.00557850846052749,0.14783179216061
