time,inclusion,skipping,fullir,firstir,secondir
100000000,0.654994742586396,0.136465273991338,0.139121709337058,0.0421013768193581,0.0273168972658499
