time,inclusion,skipping,fullir,firstir,secondir
100000000,0.203923524031864,0.571627827086737,0.197404866570068,0.020505046989707,0.00653873532162419
