time,inclusion,skipping,fullir,firstir,secondir
100000000,0.703208869364997,0.0632161481483015,0.160731069393039,0.0422489752438574,0.0305949378498048
