time,inclusion,skipping,fullir,firstir,secondir
100000000,0.63839166173268,0.221686694808254,0.0918301444572199,0.0299391244100329,0.0181523745918136
