time,inclusion,skipping,fullir,firstir,secondir
100000000,0.441995266835192,0.280228200505193,0.215976283056867,0.0322728756165598,0.0295273739861891
