time,inclusion,skipping,fullir,firstir,secondir
100000000,0.179608610564544,0.509031305752417,0.296335217573508,0.00972650896932721,0.00529835714020444
