time,inclusion,skipping,fullir,firstir,secondir
100000000,0.0269168007731551,0.873076891373712,0.0964005475874005,0.00180377680238312,0.00180198346334897
