time,inclusion,skipping,fullir,firstir,secondir
100000000,0.480256806394641,0.130299420140721,0.310443778711964,0.0569550631002999,0.0220449316523734
