time,inclusion,skipping,fullir,firstir,secondir
100000000,0.653902011336364,0.198974837712855,0.115364536695836,0.0231049499999123,0.00865366425503274
