time,inclusion,skipping,fullir,firstir,secondir
100000000,0.0145643798743212,0.893872539415044,0.0892219738375935,0.000484124131733785,0.00185698274130772
