time,inclusion,skipping,fullir,firstir,secondir
100000000,0.732517602315737,0.0506710131490871,0.135458577261404,0.0464167132064416,0.0349360940673303
