time,inclusion,skipping,fullir,firstir,secondir
100000000,0.63691562905854,0.0679831627247519,0.229571282371862,0.030449030448978,0.0350808953958675
