time,inclusion,skipping,fullir,firstir,secondir
100000000,0.644532155561273,0.11797446133463,0.181364922097531,0.0386414391389553,0.0174870218676111
