time,inclusion,skipping,fullir,firstir,secondir
100000000,0.662519269397688,0.0970575800626051,0.149386601519606,0.0543781264904303,0.03665842252967
