time,inclusion,skipping,fullir,firstir,secondir
100000000,0.606379837941061,0.0822645126832682,0.250820186361923,0.0300117597336278,0.0305237032801202
