time,inclusion,skipping,fullir,firstir,secondir
100000000,0.0310841970838808,0.862809755109496,0.101800749389326,0.00304945096206109,0.00125584745523714
