time,inclusion,skipping,fullir,firstir,secondir
100000000,0.679329796175026,0.0822804910092966,0.138980307302922,0.0898197137247744,0.00958969178798192
