time,inclusion,skipping,fullir,firstir,secondir
100000000,0.505196586663076,0.161508651159659,0.300537331268725,0.0252108089002592,0.00754662200828088
