time,inclusion,skipping,fullir,firstir,secondir
100000000,0.622223637841505,0.064425653059861,0.244746856570888,0.00843836377760924,0.0601654887501364
