time,inclusion,skipping,fullir,firstir,secondir
100000000,0.113953944904719,0.0160589490090535,0.605795621076703,0.00361314017221523,0.260578344837309
