time,inclusion,skipping,fullir,firstir,secondir
100000000,0.816732380702853,0.011974336470447,0.0887179299024703,0.0455051495335353,0.0370702033906949
