time,inclusion,skipping,fullir,firstir,secondir
100000000,0.43255930322871,0.0830996921054554,0.419775320495089,0.0482226421785157,0.0163430419922297
