time,inclusion,skipping,fullir,firstir,secondir
100000000,0.657518997148602,0.175338956067672,0.114141183538931,0.0426506064698947,0.0103502567749006
