time,inclusion,skipping,fullir,firstir,secondir
100000000,0.672405090789128,0.0971456880554211,0.193508323190191,0.0268250371680358,0.0101158607972234
