time,inclusion,skipping,fullir,firstir,secondir
100000000,0.443391989470116,0.282916920070952,0.17290596081029,0.0786336984661098,0.0221514311825325
