time,inclusion,skipping,fullir,firstir,secondir
100000000,0.405981156408455,0.321283854589519,0.176563380355004,0.0836472170568696,0.0125243915901522
