time,inclusion,skipping,fullir,firstir,secondir
100000000,0.665419364628589,0.0590679621751662,0.185486820719032,0.0640350767078789,0.0259907757693334
