time,inclusion,skipping,fullir,firstir,secondir
100000000,0.495481982843127,0.185672913048253,0.259114334408519,0.0370471305557476,0.0226836391443528
