time,inclusion,skipping,fullir,firstir,secondir
100000000,0.448135457605907,0.311214848314577,0.16503204885614,0.0507112248305152,0.0249064203928603
