time,inclusion,skipping,fullir,firstir,secondir
100000000,0.439358593762901,0.274150650983013,0.233410069455343,0.0299286628165098,0.0231520229822331
