time,inclusion,skipping,fullir,firstir,secondir
100000000,0.727460401121886,0.0773537865412724,0.148190773755275,0.0290106656465212,0.0179843729350454
