time,inclusion,skipping,fullir,firstir,secondir
100000000,0.678944987816964,0.0788500115956881,0.169965282022574,0.0533905787899487,0.0188491397748254
