time,inclusion,skipping,fullir,firstir,secondir
100000000,0.637455977936371,0.0517715876062135,0.236277132758381,0.00640551928369012,0.0680897824153452
