time,inclusion,skipping,fullir,firstir,secondir
100000000,0.458299336393125,0.16982910151552,0.306708100591441,0.0442254501539539,0.0209380113459604
