time,inclusion,skipping,fullir,firstir,secondir
100000000,0.431341164462744,0.278155956012479,0.232455186566124,0.0411609329324946,0.0168867600261574
