time,inclusion,skipping,fullir,firstir,secondir
100000000,0.780814768389034,0.0271231856029473,0.114332374255065,0.0517119229336689,0.0260177488192855
