time,inclusion,skipping,fullir,firstir,secondir
100000000,0.728496725449105,0.0555908299053059,0.133903642649176,0.0480353308859077,0.0339734711105056
