time,inclusion,skipping,fullir,firstir,secondir
100000000,0.653300510893553,0.124485586623196,0.153073033748469,0.0477779657267773,0.021362903008005
