time,inclusion,skipping,fullir,firstir,secondir
100000000,0.00409890510434118,0.880310770881215,0.114511420072254,0.00063361489545347,0.000445289046736485
