time,inclusion,skipping,fullir,firstir,secondir
100000000,0.649458745657822,0.115167295130496,0.180773624583278,0.0442121090029425,0.0103882256254615
