time,inclusion,skipping,fullir,firstir,secondir
100000000,0.441605840512396,0.176688152771137,0.308823243224025,0.0358137280379368,0.0370690354545053
