time,inclusion,skipping,fullir,firstir,secondir
100000000,0.374045075696522,0.267849387836769,0.299291662993179,0.0527527615638393,0.00606111190969125
