time,inclusion,skipping,fullir,firstir,secondir
100000000,0.067248288950251,0.692588425624378,0.201376191147843,0.0365902017066056,0.00219689257092237
