time,inclusion,skipping,fullir,firstir,secondir
100000000,0.646706884927936,0.130131674703196,0.169599939924091,0.0318441530191719,0.0217173474256051
