time,inclusion,skipping,fullir,firstir,secondir
100000000,0.68344592070482,0.124595241825742,0.152324071426911,0.0192231439244739,0.0204116221180533
