time,inclusion,skipping,fullir,firstir,secondir
100000000,0.705928135836877,0.0467204930780826,0.153118634902215,0.0710282468654383,0.0232044893173874
