time,inclusion,skipping,fullir,firstir,secondir
100000000,0.720546557100471,0.0540063659954913,0.133934466273769,0.0502420808674783,0.0412705297627902
