time,inclusion,skipping,fullir,firstir,secondir
100000000,0.683330141874825,0.0690439682128044,0.195069835593974,0.0365706154078884,0.0159854389105081
