time,inclusion,skipping,fullir,firstir,secondir
100000000,0.707906823765737,0.0766458405525878,0.173670733070489,0.0157604485917696,0.0260161540194161
