time,inclusion,skipping,fullir,firstir,secondir
100000000,0.711835136679437,0.154206716280822,0.104074843021757,0.014984882681285,0.0148984213366996
