time,inclusion,skipping,fullir,firstir,secondir
100000000,0.364539578628799,0.32281999766315,0.276163786537454,0.00641103950090467,0.0300655976696915
