time,inclusion,skipping,fullir,firstir,secondir
100000000,0.423849507410159,0.280924372135693,0.191440262065102,0.0911940686256601,0.0125917897633864
