time,inclusion,skipping,fullir,firstir,secondir
100000000,0.499330241289252,0.210010017891312,0.195209023768405,0.0819685208226067,0.0134821962284245
