time,inclusion,skipping,fullir,firstir,secondir
100000000,0.354248001538623,0.369613517298071,0.231787253593612,0.0375068139956264,0.00684441357406835
