time,inclusion,skipping,fullir,firstir,secondir
100000000,0.743905124382211,0.0694197756614043,0.107934941838287,0.0361583332514955,0.0425818248666019
