time,inclusion,skipping,fullir,firstir,secondir
100000000,0.707968560948647,0.0558501742752377,0.168849910405411,0.0418839765730551,0.0254473777976497
