time,inclusion,skipping,fullir,firstir,secondir
100000000,0.655254037258885,0.117076295740326,0.159433578397653,0.0603331529076368,0.00790293569549891
