time,inclusion,skipping,fullir,firstir,secondir
100000000,0.655255518109894,0.0875890711106701,0.18748066953781,0.049528308297393,0.0201464329442325
