time,inclusion,skipping,fullir,firstir,secondir
100000000,0.35622618879547,0.454863683568439,0.142486932925236,0.0353895055675746,0.0110336891432803
