time,inclusion,skipping,fullir,firstir,secondir
100000000,0.428962750328569,0.263135814056434,0.255244519532411,0.0323711484489386,0.0202857676336476
