time,inclusion,skipping,fullir,firstir,secondir
100000000,0.0273530549260318,0.936679208815408,0.0343384183707258,0.00103682199707903,0.000592495890754929
