time,inclusion,skipping,fullir,firstir,secondir
100000000,0.564571846962019,0.0789334618297181,0.278713520807008,0.0703564401284223,0.00742473027283293
