time,inclusion,skipping,fullir,firstir,secondir
100000000,0.806920126966625,0.0125568045922028,0.100675371636824,0.0385237494882013,0.0413239473161477
