time,inclusion,skipping,fullir,firstir,secondir
100000000,0.378730707814605,0.342495854983699,0.222263762434785,0.0414597644068239,0.0150499103600874
