time,inclusion,skipping,fullir,firstir,secondir
100000000,0.453418438861888,0.0710547577361767,0.419784408769,0.0408407094298495,0.0149016852030855
