time,inclusion,skipping,fullir,firstir,secondir
100000000,0.10032546296888,0.605211742610348,0.267482561480053,0.0217806574133382,0.00519957552738054
