time,inclusion,skipping,fullir,firstir,secondir
100000000,0.792903928060712,0.0104216068095071,0.0987646519064281,0.0469895187964131,0.0509202944269398
