time,inclusion,skipping,fullir,firstir,secondir
100000000,0.777269874827442,0.024624436621391,0.115254527195527,0.0453909791138442,0.0374601822417957
