time,inclusion,skipping,fullir,firstir,secondir
100000000,0.469416613004463,0.202206304978327,0.237184906220848,0.0861657312657871,0.00502644453057525
