time,inclusion,skipping,fullir,firstir,secondir
100000000,0.274525741889137,0.437706989819625,0.244152404852466,0.0341162469630186,0.00949861647575287
