time,inclusion,skipping,fullir,firstir,secondir
100000000,0.482822484900235,0.054685035468692,0.347974286476402,0.0806470069516329,0.0338711862030379
