time,inclusion,skipping,fullir,firstir,secondir
100000000,0.728237771536106,0.123682633612989,0.111481806710718,0.0126947402193995,0.0239030479207883
