time,inclusion,skipping,fullir,firstir,secondir
100000000,0.657452155475042,0.10009112380292,0.156846584959443,0.0488833077942155,0.0367268279683796
