time,inclusion,skipping,fullir,firstir,secondir
100000000,0.747344506045255,0.0489946450537602,0.13183193638697,0.0355141917532315,0.0363147207607835
