time,inclusion,skipping,fullir,firstir,secondir
100000000,0.539954210823941,0.0760498466902386,0.310706275871543,0.0295623190911164,0.0437273475231612
