time,inclusion,skipping,fullir,firstir,secondir
100000000,0.719031631026677,0.153405059755981,0.0740910862281134,0.0457337939281577,0.00773842906107142
