time,inclusion,skipping,fullir,firstir,secondir
100000000,0.647310375782156,0.0873677185883738,0.185874249763607,0.0487535948161708,0.0306940610496919
