time,inclusion,skipping,fullir,firstir,secondir
100000000,0.685950354628006,0.0778682587496031,0.177178612037069,0.0347443694786509,0.0242584051066713
