time,inclusion,skipping,fullir,firstir,secondir
100000000,0.00303237202612678,0.905481014061486,0.0893074261808649,0.000518853375875553,0.00166033435564641
