time,inclusion,skipping,fullir,firstir,secondir
100000000,0.454480033554003,0.127107476205093,0.339145131423483,0.0325710370570348,0.0466963217603862
