time,inclusion,skipping,fullir,firstir,secondir
100000000,0.433151318304241,0.0781546194006483,0.291935504804345,0.174326015548829,0.0224325419419373
