time,inclusion,skipping,fullir,firstir,secondir
100000000,0.404439184805347,0.0335126820858085,0.470433731579192,0.00362099876099791,0.0879934027686543
