time,inclusion,skipping,fullir,firstir,secondir
100000000,0.297546113168929,0.0363191316249078,0.497215730427727,0.00326928196381186,0.165649742814624
