time,inclusion,skipping,fullir,firstir,secondir
100000000,0.00351115816241344,0.878472603916382,0.117312040294802,0.000354714651051555,0.000349482975350773
