time,inclusion,skipping,fullir,firstir,secondir
100000000,0.504539541932765,0.226921378091873,0.24019150970921,0.00849454566084222,0.0198530246053101
