time,inclusion,skipping,fullir,firstir,secondir
100000000,0.0745251512831106,0.00485884246714328,0.800900134930496,0.00350127845458509,0.116214592864665
