time,inclusion,skipping,fullir,firstir,secondir
100000000,0.456184305408861,0.0728773699017732,0.423663093464575,0.0252219321180116,0.0220532991067789
