time,inclusion,skipping,fullir,firstir,secondir
100000000,0.340640665709234,0.506708136261202,0.119187960730488,0.0267395389351821,0.00672369836389293
