time,inclusion,skipping,fullir,firstir,secondir
100000000,0.652568046648938,0.141001624150992,0.18976840851369,0.00499610262540677,0.0116658180609721
