time,inclusion,skipping,fullir,firstir,secondir
100000000,0.688317230876902,0.0590722638593273,0.17003839626208,0.0539879028485904,0.0285842061531002
