time,inclusion,skipping,fullir,firstir,secondir
100000000,0.731270283884677,0.0250808706236345,0.155954842308611,0.0670579826706817,0.0206360205123957
