time,inclusion,skipping,fullir,firstir,secondir
100000000,0.694230061022881,0.0297736844678568,0.195955221548301,0.0676717858774446,0.0123692470835158
