time,inclusion,skipping,fullir,firstir,secondir
100000000,0.246003556867099,0.0199311372815833,0.594552377233232,0.00172710354871469,0.137785825069371
