time,inclusion,skipping,fullir,firstir,secondir
100000000,0.123367274676746,0.631664624207815,0.235927766825886,0.00720407321861054,0.00183626107094249
