time,inclusion,skipping,fullir,firstir,secondir
100000000,0.00140335245743717,0.94866510415101,0.0472454761308007,0.00185897982967812,0.000827087431073574
