time,inclusion,skipping,fullir,firstir,secondir
100000000,0.351625987910161,0.339891662573264,0.255034517797102,0.0394688227977098,0.013979008921763
