time,inclusion,skipping,fullir,firstir,secondir
100000000,0.689756155066546,0.0970487624966382,0.145552189367069,0.0280163157147107,0.0396265773550363
