time,inclusion,skipping,fullir,firstir,secondir
100000000,0.375693260444407,0.352330979537242,0.225957798204636,0.0304613563183206,0.0155566054953947
