time,inclusion,skipping,fullir,firstir,secondir
100000000,0.410560570741928,0.141574607978981,0.352001883026204,0.051956125967049,0.0439068122858376
