time,inclusion,skipping,fullir,firstir,secondir
100000000,0.51695370281284,0.103690967232669,0.313076826784109,0.0509930136777974,0.0152854894925838
