time,inclusion,skipping,fullir,firstir,secondir
100000000,0.672252289675713,0.151271834956338,0.136650918900133,0.0264769349834302,0.0133480214843863
