time,inclusion,skipping,fullir,firstir,secondir
100000000,0.0890717985988812,0.339378979734302,0.384031649482796,0.104238121825743,0.0832794503582778
