time,inclusion,skipping,fullir,firstir,secondir
100000000,0.356041897216831,0.446687388626762,0.153812249730305,0.0324054080467956,0.0110530563793064
