time,inclusion,skipping,fullir,firstir,secondir
100000000,0.47494362282804,0.116315623685643,0.339800112728203,0.0341226156302671,0.0348180251278482
