time,inclusion,skipping,fullir,firstir,secondir
100000000,0.690460374666653,0.0188452598069364,0.164018694547585,0.0420441789514966,0.0846314920273294
