time,inclusion,skipping,fullir,firstir,secondir
100000000,0.597239727855212,0.205376618349289,0.0944436827798839,0.0955163733145519,0.00742359770106394
