time,inclusion,skipping,fullir,firstir,secondir
100000000,0.314594912654042,0.454089101227434,0.189083252585836,0.0324004054782868,0.00983232805440175
