time,inclusion,skipping,fullir,firstir,secondir
100000000,0.748638013764788,0.0737689162078529,0.131791587284424,0.0105806825094869,0.0352208002334477
