time,inclusion,skipping,fullir,firstir,secondir
100000000,0.289726192490936,0.39826966372807,0.244929253145017,0.0586786056792365,0.00839628495674159
