time,inclusion,skipping,fullir,firstir,secondir
100000000,0.674964013758113,0.0537336319157188,0.171545061961275,0.0797606760021962,0.0199966163626971
