time,inclusion,skipping,fullir,firstir,secondir
100000000,0.480595929621628,0.244726035458191,0.234451314340476,0.0175452054103584,0.0226815151693469
