time,inclusion,skipping,fullir,firstir,secondir
100000000,0.0564664263557288,0.74665611411819,0.18380015112702,0.0123728234923935,0.000704484906667521
