time,inclusion,skipping,fullir,firstir,secondir
100000000,0.645589533471679,0.114904452936142,0.173206040473942,0.0537680889014238,0.0125318842168122
