time,inclusion,skipping,fullir,firstir,secondir
100000000,0.392741574717915,0.264354690031429,0.285359862399733,0.0342509208001709,0.023292952050752
