time,inclusion,skipping,fullir,firstir,secondir
100000000,0.556563776928939,0.302389963307733,0.0961682526310534,0.0363361202602203,0.00854188687205449
