time,inclusion,skipping,fullir,firstir,secondir
100000000,0.763374377633788,0.0764839006078445,0.0984333319100745,0.0352216955181503,0.0264866943301424
