time,inclusion,skipping,fullir,firstir,secondir
100000000,0.746441497238997,0.0377505448449001,0.139336070226009,0.0451889721247273,0.0312829155653669
