time,inclusion,skipping,fullir,firstir,secondir
100000000,0.00400296232321501,0.0339590451019519,0.830000556421685,0.131701689706274,0.000335746446873523
