time,inclusion,skipping,fullir,firstir,secondir
100000000,0.246193162008523,0.58727734217395,0.140394783160293,0.0185026427851039,0.00763206987213015
