time,inclusion,skipping,fullir,firstir,secondir
100000000,0.425508476101492,0.188350493665644,0.275627684578055,0.0956775300345301,0.0148358156202792
