time,inclusion,skipping,fullir,firstir,secondir
100000000,0.683551848033153,0.0845378429698743,0.165824309072818,0.0410096556377564,0.0250763442863982
