time,inclusion,skipping,fullir,firstir,secondir
100000000,0.42003178903339,0.317973906892227,0.219148571758145,0.02943631338292,0.0134094189333177
