time,inclusion,skipping,fullir,firstir,secondir
100000000,0.439896208135136,0.10560569171919,0.289139878447368,0.118761647923968,0.0465965737743375
