time,inclusion,skipping,fullir,firstir,secondir
100000000,0.425730384212158,0.115228040463948,0.31689281128551,0.128416625020979,0.0137321390174055
