time,inclusion,skipping,fullir,firstir,secondir
100000000,0.439856716003786,0.213030034329012,0.259389843541754,0.0496927817188312,0.038030624406617
