time,inclusion,skipping,fullir,firstir,secondir
100000000,0.775113741355057,0.103706753749123,0.0812313758707236,0.0174425254679282,0.022505603557168
