time,inclusion,skipping,fullir,firstir,secondir
100000000,0.852734027978172,0.0103167799038726,0.061129362061405,0.0591489020732166,0.0166709279833334
