time,inclusion,skipping,fullir,firstir,secondir
100000000,0.378013084417897,0.259654566667536,0.314960747644027,0.0238382023357537,0.023533398934786
