time,inclusion,skipping,fullir,firstir,secondir
100000000,0.699451220475,0.061595127580054,0.144677034764497,0.0686550069122321,0.0256216102682171
