time,inclusion,skipping,fullir,firstir,secondir
100000000,0.654779132623212,0.111496142466202,0.170882246412516,0.0445369745980596,0.0183055039000116
