time,inclusion,skipping,fullir,firstir,secondir
100000000,0.462992397195125,0.217917402580551,0.12986033294757,0.18031739206505,0.00891247521170426
