time,inclusion,skipping,fullir,firstir,secondir
100000000,0.408760715920225,0.034689224235462,0.470946584471604,0.0268516157964413,0.0587518595762675
