time,inclusion,skipping,fullir,firstir,secondir
100000000,0.663233106019454,0.152634329143838,0.109444918304974,0.060156220208504,0.0145314263232305
