time,inclusion,skipping,fullir,firstir,secondir
100000000,0.222970946160173,0.563260329527337,0.186152218156791,0.0168060299565741,0.0108104761991245
