time,inclusion,skipping,fullir,firstir,secondir
100000000,0.775812373476662,0.037862457876256,0.107936094223094,0.0461496913209531,0.0322393831030348
