time,inclusion,skipping,fullir,firstir,secondir
100000000,0.689802351072047,0.0773763119203613,0.160239840956542,0.0473668647923582,0.025214631258691
