time,inclusion,skipping,fullir,firstir,secondir
100000000,0.43822382273069,0.355257991026864,0.176606940027207,0.0208484230168201,0.00906282319841858
