time,inclusion,skipping,fullir,firstir,secondir
100000000,0.424184202706371,0.271917812389453,0.188634669386108,0.0620805889191531,0.0531827265989148
