time,inclusion,skipping,fullir,firstir,secondir
100000000,0.384984346090889,0.0289630726617521,0.390534809232307,0.000593779245153689,0.194923992769899
