time,inclusion,skipping,fullir,firstir,secondir
100000000,0.390074779068886,0.174054323462155,0.355604815892212,0.04339384337906,0.0368722381976871
