time,inclusion,skipping,fullir,firstir,secondir
100000000,0.00417875808563558,0.919879350314302,0.0742654844018882,0.000205584426954682,0.00147082277121971
