time,inclusion,skipping,fullir,firstir,secondir
100000000,0.0122761128687924,0.842446350451309,0.143236486161605,0.000668914028682481,0.00137213648961103
