time,inclusion,skipping,fullir,firstir,secondir
100000000,0.463390113462452,0.107961618577614,0.381790449419285,0.000470614158914235,0.0463872043817344
