time,inclusion,skipping,fullir,firstir,secondir
100000000,0.440674361234297,0.111104844176312,0.319025527062679,0.0983124302819637,0.0308828372447482
