time,inclusion,skipping,fullir,firstir,secondir
100000000,0.466558020802396,0.286141562251361,0.220503679723989,0.0105240654159991,0.016272671806255
