time,inclusion,skipping,fullir,firstir,secondir
100000000,0.670443107326629,0.0463643346436504,0.176027598181198,0.0773970664366898,0.0297678934118326
