time,inclusion,skipping,fullir,firstir,secondir
100000000,0.610664766467443,0.0775491185844665,0.133531526690078,0.0496954664574246,0.128559121800588
