time,inclusion,skipping,fullir,firstir,secondir
100000000,0.0489644989279525,0.578012693218645,0.268666727653112,0.0740592991367868,0.0302967810635043
