time,inclusion,skipping,fullir,firstir,secondir
100000000,0.400014709489463,0.060578763445668,0.440437151877506,0.0220279391971559,0.0769414359902073
