time,inclusion,skipping,fullir,firstir,secondir
100000000,0.463505081905365,0.308751528658752,0.178841990713724,0.0364364166317055,0.0124649820904531
