time,inclusion,skipping,fullir,firstir,secondir
100000000,0.131498749942054,0.565628486344412,0.269345837348362,0.0263073887592158,0.00721953760595575
