time,inclusion,skipping,fullir,firstir,secondir
100000000,0.0591705072679268,0.458896862854172,0.411981958963606,0.000327877060328833,0.0696227938539661
