time,inclusion,skipping,fullir,firstir,secondir
100000000,0.723502700368733,0.0487972967064013,0.154725771308499,0.0531200510213809,0.0198541805949855
