time,inclusion,skipping,fullir,firstir,secondir
100000000,0.656550598288816,0.111323472162444,0.164558649019518,0.0351368442218706,0.0324304363073517
