time,inclusion,skipping,fullir,firstir,secondir
100000000,0.676430875046807,0.214334833835881,0.0931956398310231,0.00848360677659725,0.00755504450969141
