time,inclusion,skipping,fullir,firstir,secondir
100000000,0.240299919187091,0.517379838900782,0.216533024934529,0.0165676590383871,0.00921955793921006
