time,inclusion,skipping,fullir,firstir,secondir
100000000,0.792130477346377,0.0241549649249017,0.0821410973866053,0.0437005915544432,0.0578728687876724
