time,inclusion,skipping,fullir,firstir,secondir
100000000,0.382477707311671,0.0494434829817372,0.517167759736039,0.0418316989320611,0.00907935103849216
