time,inclusion,skipping,fullir,firstir,secondir
100000000,0.00152679891316775,0.0201143448884381,0.876188893444828,0.0894899729260066,0.0126799898275597
