time,inclusion,skipping,fullir,firstir,secondir
100000000,0.288061173996731,0.192851785973312,0.269216406202581,0.210161648562261,0.0397089852651158
