time,inclusion,skipping,fullir,firstir,secondir
100000000,0.233185988177811,0.533095164222332,0.191221212715615,0.0297218983700504,0.0127757365141913
