time,inclusion,skipping,fullir,firstir,secondir
100000000,0.466472928034028,0.164202720065792,0.295284952681356,0.0624837853274774,0.0115556138913471
