time,inclusion,skipping,fullir,firstir,secondir
100000000,0.463994750350365,0.178779362735002,0.308612087574573,0.0287164937554101,0.0198973055846498
