time,inclusion,skipping,fullir,firstir,secondir
100000000,0.70963324407257,0.116531079838191,0.135218865221673,0.0267365152489399,0.0118802956186259
