time,inclusion,skipping,fullir,firstir,secondir
100000000,0.650486091035818,0.13028353799271,0.156730106340593,0.0299947261253831,0.0325055385054959
