time,inclusion,skipping,fullir,firstir,secondir
100000000,0.0018859707340051,0.874906718953412,0.122578634554072,0.000176834455071063,0.000451841303439101
