time,inclusion,skipping,fullir,firstir,secondir
100000000,0.146340942701599,0.637394275579435,0.197130240007434,0.0121020578473161,0.00703248386421499
