time,inclusion,skipping,fullir,firstir,secondir
100000000,0.770722250588693,0.115631413248038,0.0799904878517711,0.0190948155455517,0.0145610327659459
