time,inclusion,skipping,fullir,firstir,secondir
100000000,0.490390780092838,0.343266091103053,0.0926863492531607,0.0483511603150533,0.0253056192358958
