time,inclusion,skipping,fullir,firstir,secondir
100000000,0.622481440342764,0.204041104949348,0.105078724444833,0.0643756082027279,0.0040231220603274
