time,inclusion,skipping,fullir,firstir,secondir
100000000,0.670971638137562,0.0557893086716928,0.212671674546241,0.032531582081422,0.0280357965630818
