time,inclusion,skipping,fullir,firstir,secondir
100000000,0.486984989550706,0.332192525296606,0.157656570275902,0.0152441186027805,0.007921796274005
