time,inclusion,skipping,fullir,firstir,secondir
100000000,0.649852328262922,0.123298855368545,0.171272669197466,0.0321062169531179,0.0234699302179479
