time,inclusion,skipping,fullir,firstir,secondir
100000000,0.182908992383715,0.62732569368723,0.17278434928872,0.00862690375129489,0.00835406088904002
