time,inclusion,skipping,fullir,firstir,secondir
100000000,0.776916896214965,0.0176080487246386,0.121056024330742,0.0587279774213315,0.0256910533083233
