time,inclusion,skipping,fullir,firstir,secondir
100000000,0.744139457820407,0.0354939850327311,0.145074048435646,0.043861834621946,0.0314306740892693
