time,inclusion,skipping,fullir,firstir,secondir
100000000,0.281492381450678,0.45695027035732,0.215496715506632,0.0290095261144521,0.0170511065709177
