time,inclusion,skipping,fullir,firstir,secondir
100000000,0.458276046033077,0.11801844371618,0.313698651017453,0.0634860147854584,0.0465208444478317
