time,inclusion,skipping,fullir,firstir,secondir
100000000,0.720628860927098,0.045811672451496,0.151591403693418,0.0475971094429388,0.034370953485049
