time,inclusion,skipping,fullir,firstir,secondir
100000000,0.586934123201203,0.0730594677323371,0.251851704600734,0.0432721811388252,0.0448825233269005
