time,inclusion,skipping,fullir,firstir,secondir
100000000,0.683495674300255,0.0807470741122761,0.167134367307455,0.041460497123037,0.0271623871569764
