time,inclusion,skipping,fullir,firstir,secondir
100000000,0.315183713742581,0.428540928742961,0.224399859197173,0.0216101274736467,0.0102653708436386
