time,inclusion,skipping,fullir,firstir,secondir
100000000,0.345033346625159,0.13911064929103,0.406709797521372,0.0721857527268102,0.0369604538356286
