time,inclusion,skipping,fullir,firstir,secondir
100000000,0.693895133228603,0.0505611089551214,0.198808679638436,0.0361625915595151,0.0205724866183244
