time,inclusion,skipping,fullir,firstir,secondir
100000000,0.571752845617179,0.0973020364287291,0.0672529077093551,0.147507986277008,0.116184223967729
