time,inclusion,skipping,fullir,firstir,secondir
100000000,0.215802419609153,0.478812135474125,0.268012915886478,0.0290659142394236,0.00830661479081992
