time,inclusion,skipping,fullir,firstir,secondir
100000000,0.217110747760488,0.460522239722411,0.318260460251248,0.00244736143074463,0.00165919083510765
