time,inclusion,skipping,fullir,firstir,secondir
100000000,0.449177113339775,0.0666579199709652,0.415563452610605,0.0272422771275443,0.0413592369511113
