time,inclusion,skipping,fullir,firstir,secondir
100000000,0.424736557519703,0.257321063791797,0.271827038301121,0.0252993601664184,0.0208159802209607
