time,inclusion,skipping,fullir,firstir,secondir
100000000,0.648908995494477,0.0960972304416875,0.174223402128352,0.05456293066221,0.0262074412732736
