time,inclusion,skipping,fullir,firstir,secondir
100000000,0.682338686745443,0.0715460598252867,0.15517325217939,0.059476420800486,0.0314655804493946
