time,inclusion,skipping,fullir,firstir,secondir
100000000,0.51021487682781,0.285970140904693,0.161255858630063,0.0228561530999607,0.0197029705374738
