time,inclusion,skipping,fullir,firstir,secondir
100000000,0.653699146125997,0.0957925588381374,0.174268224613628,0.0687947787197926,0.00744529170244459
