time,inclusion,skipping,fullir,firstir,secondir
100000000,0.222866163615835,0.453553967272746,0.302540628081272,0.0128436336141495,0.00819560741599784
