time,inclusion,skipping,fullir,firstir,secondir
100000000,0.383949491617364,0.103786516311467,0.345506157169811,0.150033429787394,0.0167244051139645
