time,inclusion,skipping,fullir,firstir,secondir
100000000,0.00229850843520685,0.926647652279078,0.0698833818243691,0.000332927331091916,0.000837530130253876
