time,inclusion,skipping,fullir,firstir,secondir
100000000,0.471746057216086,0.0954951205421039,0.309796053601597,0.103564257350139,0.019398511290075
