time,inclusion,skipping,fullir,firstir,secondir
100000000,0.705653021442495,0.173181491741049,0.0952087821893916,0.0216476864676311,0.00430901815943367
