time,inclusion,skipping,fullir,firstir,secondir
100000000,0.775071140096529,0.0326235413284316,0.153134559921939,0.0221079540584517,0.0170628045946483
