time,inclusion,skipping,fullir,firstir,secondir
100000000,0.644335995629548,0.111041638253865,0.181092816577746,0.0421319780236071,0.0213975715152336
