time,inclusion,skipping,fullir,firstir,secondir
100000000,0.191169497642847,0.5710820863457,0.21448726490395,0.0152691744252702,0.00799197668223274
