time,inclusion,skipping,fullir,firstir,secondir
100000000,0.645639154038543,0.110992485236981,0.170519854398312,0.0384286712171647,0.034419835108999
