time,inclusion,skipping,fullir,firstir,secondir
100000000,0.713393907009241,0.114334908042062,0.133566753891797,0.0253667549644644,0.0133376760924358
