time,inclusion,skipping,fullir,firstir,secondir
100000000,0.746767304153071,0.0204685611757077,0.127779963856128,0.0622222314590503,0.0427619393560433
