time,inclusion,skipping,fullir,firstir,secondir
100000000,0.825887595811102,0.101692303523295,0.0495838102642057,0.0122042247160904,0.0106320656853069
