time,inclusion,skipping,fullir,firstir,secondir
100000000,0.644080514591345,0.122793607224719,0.170869272482289,0.028379545546283,0.0338770601553641
