time,inclusion,skipping,fullir,firstir,secondir
100000000,0.405143743798972,0.303752555056533,0.243701107373656,0.034002608054642,0.0133999857161963
